3gerardpique;JorgeBrito_ar
3gerardpique;FilosofiaCruyff
3gerardpique;FCB_datos
3gerardpique;Papel_EM
3gerardpique;AppStoreGames
3gerardpique;RonaldKoeman
3gerardpique;PatrickKluivert
3gerardpique;Earth_Pics
3gerardpique;Futbol_Espanol
3gerardpique;hbarnes
3gerardpique;KatieS
3gerardpique;twitter
3gerardpique;mwseibel
3gerardpique;PeterGuber
3gerardpique;Vivek
3gerardpique;vdsar1970
3gerardpique;DaybookApp
3gerardpique;ArdaTuran
3gerardpique;Fotlipouweb
3gerardpique;AppStore
3gerardpique;POTUS
3gerardpique;PakoAyestaran
3gerardpique;FloydMayweather
3gerardpique;javigomezPAPEL
3gerardpique;JaumeTorres14
3gerardpique;kantinu
3gerardpique;MiRondo
3gerardpique;YayaToure
3gerardpique;ivanrakitic
3gerardpique;pvesterbacka
3gerardpique;LaLiga
3gerardpique;YoursBarcelona
3gerardpique;SportsCenter
3gerardpique;Ronaldo
3gerardpique;MireiaAdmetller
3gerardpique;FascinatingVids
3gerardpique;JPBellido
3gerardpique;LewisHamilton
3gerardpique;XiscoJimix
3gerardpique;Trashorras10
3gerardpique;SitaphaSavane
3gerardpique;History_Pics
3gerardpique;HistoryInPics
3gerardpique;kilianj
3gerardpique;MichelleObama
3gerardpique;Nike_Spain
3gerardpique;MannyPacquiaoTR
3gerardpique;WSJ
3gerardpique;CarniceroDavid
3gerardpique;nikolaloncar
3gerardpique;DalaiLama
3gerardpique;TheIlluminati
3gerardpique;Oprah
3gerardpique;Briatore
3gerardpique;Pontifex_it
3gerardpique;JamesFrancoTV
3gerardpique;glen_johnson
3gerardpique;C1audioBravo
3gerardpique;sninobecerra
3gerardpique;JoanjosepPallas
3gerardpique;gianluigibuffon
3gerardpique;Pirlo_official
3gerardpique;FinallyMario
3gerardpique;toni_duggan
3gerardpique;premierleague
3gerardpique;ChampionsLeague
3gerardpique;AxelTorres
3gerardpique;jordicardoner
3gerardpique;amicsdelesarts
3gerardpique;carlosplus
3gerardpique;GarciaPimienta
3gerardpique;TheSergioGarcia
3gerardpique;quiqueal16
3gerardpique;joaquinvaldes77
3gerardpique;LuisFigo
3gerardpique;irenejunquera
3gerardpique;Truiz74
3gerardpique;josepcapdevila
3gerardpique;RafelPol
3gerardpique;didacpeyret
3gerardpique;GrigorDimitrov
3gerardpique;gerardquintana
3gerardpique;Palomo_ESPN
3gerardpique;ModernetdeMerda
3gerardpique;stanwawrinka
3gerardpique;as_trueba
3gerardpique;jvehils
3gerardpique;tonyparker
3gerardpique;Pschmeichel1
3gerardpique;ferranadria
3gerardpique;ManUtd
3gerardpique;pepsetvalls
3gerardpique;Pele
3gerardpique;Marcotti
3gerardpique;MDpor_elmundo
3gerardpique;beckenbauer
3gerardpique;jordicosta1
3gerardpique;xavitorresll
3gerardpique;martiperarnau
3gerardpique;jordidilo
3gerardpique;carlosblanco
3gerardpique;Manuel_Neuer
3gerardpique;esmuellert_
3gerardpique;ToniKroos
3gerardpique;BSchweinsteiger
3gerardpique;Podolski10
3gerardpique;woodyinho
3gerardpique;MarioGoetze
3gerardpique;MesutOzil1088
3gerardpique;vieri_bobo
3gerardpique;iomatrix23
3gerardpique;3gerardpiqueHQ
3gerardpique;jamesdrodriguez
3gerardpique;Aussies_Abroad
3gerardpique;natruscat
3gerardpique;sportingintel
3gerardpique;JordiAlba
3gerardpique;KeradGames
3gerardpique;ThierryHenry
3gerardpique;PrunaDoc
3gerardpique;Ibra_official
3gerardpique;carlos7bacca
3gerardpique;abarceloh25
3gerardpique;RaholaOficial
3gerardpique;MainatJM
3gerardpique;QuimMonzo
3gerardpique;agustibenedito
3gerardpique;JoanLaportaFCB
3gerardpique;JHarden13
3gerardpique;jmbartomeu
3gerardpique;CesarAzpi
3gerardpique;manelarroyo
3gerardpique;Torres
3gerardpique;Hectorfernandez
3gerardpique;MedinaDoc
3gerardpique;abaronet
3gerardpique;SeppBlatter
3gerardpique;xaviertrias
3gerardpique;marimonkike
3gerardpique;RCIERCO
3gerardpique;TheEllenShow
3gerardpique;setoo9
3gerardpique;Vanesalorenzo_
3gerardpique;thibautcourtois
3gerardpique;Nike
3gerardpique;EAbidalOfficial
3gerardpique;lang_lang
3gerardpique;InfoPique
3gerardpique;GullitR
3gerardpique;Alfremartinezz
3gerardpique;CasillasWorld
3gerardpique;rubenuria
3gerardpique;airllimos
3gerardpique;marcosperiodico
3gerardpique;JaumedeLaiguana
3gerardpique;TexDolly
3gerardpique;GregMerson
3gerardpique;TomDwan
3gerardpique;pabloalboran
3gerardpique;enricmasip5
3gerardpique;NaniRoma
3gerardpique;AndyMitten
3gerardpique;phil_hellmuth
3gerardpique;Liv_Boeree
3gerardpique;RealKidPoker
3gerardpique;JonathanDuhamel
3gerardpique;JasonMercier
3gerardpique;ARAToniPadilla
3gerardpique;AlbertLlimos
3gerardpique;canalesarturo
3gerardpique;Pontifex
3gerardpique;AdriaVilanova
3gerardpique;fabiocannavaro
3gerardpique;kobebryant
3gerardpique;19SCazorla
3gerardpique;ManuSeuge
3gerardpique;lamacope
3gerardpique;DavidMarca
3gerardpique;rogerfederer
3gerardpique;SeFutbol
3gerardpique;PhilJackson11
3gerardpique;ScottiePippen
3gerardpique;estevecalzada
3gerardpique;JudithRubinat
3gerardpique;PReina25
3gerardpique;mbernabeuIG
3gerardpique;sanantheone
3gerardpique;TorresPCarlos
3gerardpique;GoldenMgr
3gerardpique;Forbes
3gerardpique;marcvidal
3gerardpique;2010MisterChip
3gerardpique;BenWSMiller
3gerardpique;dalbelda
3gerardpique;Ferran13
3gerardpique;Mo_Farah
3gerardpique;assassinsspain
3gerardpique;afefutbol
3gerardpique;sidlowe
3gerardpique;firstLadyD4
3gerardpique;RIVALDOOFICIAL
3gerardpique;Natejawai
3gerardpique;SiqueRodriguez
3gerardpique;quimyo
3gerardpique;GeorgeCloooney
3gerardpique;WoodyAllen
3gerardpique;rut_vilar
3gerardpique;marcmarquez93
3gerardpique;JohanDjourou
3gerardpique;EduardoDaSilva
3gerardpique;Cris_Puig
3gerardpique;MariusCarol
3gerardpique;anton_ferdinand
3gerardpique;Philsend4
3gerardpique;thomasvermaelen
3gerardpique;J_Baptista81
3gerardpique;R_Albiol
3gerardpique;simao20sabrosa
3gerardpique;julianobelletti
3gerardpique;RafaMarquezMX
3gerardpique;Urirosell
3gerardpique;AlexCorretja74
3gerardpique;RamonCugat
3gerardpique;JoleonLescott
3gerardpique;VincentKompany
3gerardpique;fizzer18
3gerardpique;Lakeit22
3gerardpique;louissaha08
3gerardpique;GabyCairo06
3gerardpique;M_Granollers
3gerardpique;tysonchandler
3gerardpique;martiriverola20
3gerardpique;Ludacris
3gerardpique;grimaldo35
3gerardpique;KDTrey5
3gerardpique;SarmientoSandra
3gerardpique;davidguetta
3gerardpique;ivan_balliu
3gerardpique;nuriarocagranel
3gerardpique;csarsanchez71
3gerardpique;JohnIsner
3gerardpique;picomonaco
3gerardpique;stephenfry
3gerardpique;JoaquinCaparros
3gerardpique;IamMSilvestre
3gerardpique;21LVA
3gerardpique;NeYoCompound
3gerardpique;ValeYellow46
3gerardpique;2MONTOYA
3gerardpique;Jgomeznoya
3gerardpique;usainbolt
3gerardpique;GaryLineker
3gerardpique;SamuelLJackson
3gerardpique;McIlroyRory
3gerardpique;kimfajula
3gerardpique;pepefajula
3gerardpique;jordiGlez
3gerardpique;Joanmaspeidro
3gerardpique;miss_belmont
3gerardpique;pilarguinovart
3gerardpique;PiqueFansBR
3gerardpique;JLin7
3gerardpique;raulgsuarez
3gerardpique;ctello91
3gerardpique;andy_murray
3gerardpique;filippomricci
3gerardpique;miquelcalcada
3gerardpique;FredericKanoute
3gerardpique;Juanfrantorres
3gerardpique;TomasUjfa
3gerardpique;Cuellar24
3gerardpique;Adominguez15
3gerardpique;FALCAO
3gerardpique;TipsarevicJanko
3gerardpique;13_Pinto
3gerardpique;piersmorgan
3gerardpique;kanyewest
3gerardpique;BillGates
3gerardpique;aplusk
3gerardpique;TEDchris
3gerardpique;tomhanks
3gerardpique;iamdiddy
3gerardpique;CP3
3gerardpique;sparker
3gerardpique;derekfisher
3gerardpique;TheBorisBecker
3gerardpique;MichaelPhelps
3gerardpique;WoodyQuotes
3gerardpique;Chad_Hurley
3gerardpique;SimonCowell
3gerardpique;biz
3gerardpique;YossiBenayoun15
3gerardpique;JensonButton
3gerardpique;TimTebow
3gerardpique;LuisSuarez9
3gerardpique;gerardpiqueBR
3gerardpique;Mascherano
3gerardpique;GNev2
3gerardpique;alakue
3gerardpique;jgarbajosa15
3gerardpique;MarianoVivanco
3gerardpique;epunset
3gerardpique;SBE12
3gerardpique;toniclapes
3gerardpique;albertboix
3gerardpique;RogerSaperas
3gerardpique;ToniElias24
3gerardpique;SergiSamper
3gerardpique;adrian7oficial
3gerardpique;andresvelencoso
3gerardpique;MigRico
3gerardpique;julia_otero
3gerardpique;albertllovera
3gerardpique;estopaoficial
3gerardpique;xavimenos
3gerardpique;GaizkaMendieta6
3gerardpique;ElGranMachels
3gerardpique;ernv1208
3gerardpique;tonimoog
3gerardpique;xavierbosch
3gerardpique;PedrodelaRosa1
3gerardpique;martatorne
3gerardpique;josefajram
3gerardpique;xavirabaseda22
3gerardpique;laiaferrer
3gerardpique;neymarjr
3gerardpique;BibianaBallbe
3gerardpique;jrdelamorena
3gerardpique;aromeroser
3gerardpique;gerardromero
3gerardpique;Mango
3gerardpique;alo_oficial
3gerardpique;SergioCanales
3gerardpique;LluisFlaquer
3gerardpique;alvarocarmona
3gerardpique;robercarretero
3gerardpique;gabyruizplus
3gerardpique;tonifreixa
3gerardpique;Javi8martinez
3gerardpique;FrasesFtbol
3gerardpique;MarcBartra
3gerardpique;Carolcerezuela
3gerardpique;MardyFish
3gerardpique;swish41
3gerardpique;DavidFerrer87
3gerardpique;Rogergrimau
3gerardpique;XSalaimartin
3gerardpique;Huertas09
3gerardpique;nebilWescSide
3gerardpique;Persie_Official
3gerardpique;IkerMuniain19
3gerardpique;MarioSuarez4
3gerardpique;sergeibaka9
3gerardpique;jona2santos
3gerardpique;FillWerrell
3gerardpique;albapareja
3gerardpique;Natasha_Norman
3gerardpique;its_pipo
3gerardpique;JavierAlvarez84
3gerardpique;solermariona
3gerardpique;CuencaIsaac
3gerardpique;MonicaCarrillo
3gerardpique;NickKristof
3gerardpique;susannagriso
3gerardpique;Toquero_theboss
3gerardpique;FCBarcelona_cat
3gerardpique;BoKrkic
3gerardpique;_Pedro17_
3gerardpique;Guaje7Villa
3gerardpique;russellcrowe
3gerardpique;MarcGasol
3gerardpique;RobMooreSoccer
3gerardpique;dafnefdez
3gerardpique;JmCalderon3
3gerardpique;DjokerNole
3gerardpique;llorentefer19
3gerardpique;TRobredo
3gerardpique;D_DeGea
3gerardpique;josecorbacho
3gerardpique;m_pique
3gerardpique;Migninho
3gerardpique;djafrojack
3gerardpique;RvN1776
3gerardpique;FCBarcelona_es
3gerardpique;gomez_sergi
3gerardpique;rickyrubio9
3gerardpique;AnnaSimonMari
3gerardpique;antonibassas
3gerardpique;FCBarcelona
3gerardpique;10Ronaldinho
3gerardpique;SSantiagosegura
3gerardpique;DaniAlvesD2
3gerardpique;noaheverett
3gerardpique;TwitPic
3gerardpique;Santi_Millan
3gerardpique;Berto_Romero
3gerardpique;Fotlipou
3gerardpique;DwightHoward
3gerardpique;Serginog
3gerardpique;6albertpedret
3gerardpique;DwyaneWade
3gerardpique;LakovicJaka
3gerardpique;ifilosofia
3gerardpique;Joeingles7
3gerardpique;gerardeulofeu
3gerardpique;jtimberlake
3gerardpique;jordipc
3gerardpique;soniagelma
3gerardpique;Rafinha
3gerardpique;muniesa92
3gerardpique;AFontas3
3gerardpique;SergiRoberto10
3gerardpique;Thiago6
3gerardpique;AdrianoCorreia6
3gerardpique;JeffrenSuarezB
3gerardpique;50cent
3gerardpique;SteveNash
3gerardpique;KimKardashian
3gerardpique;BarackObama
3gerardpique;KingJames
3gerardpique;Eminem
3gerardpique;aliciakeys
3gerardpique;dannysimpson
3gerardpique;TigerWoods
3gerardpique;bvalero20
3gerardpique;charliesheen
3gerardpique;MarcosSenna19
3gerardpique;juanmata8
3gerardpique;GiuseppeRossi22
3gerardpique;WayneRooney
3gerardpique;1victorvaldes
3gerardpique;seguiandco
3gerardpique;Palop1
3gerardpique;AnderHerrera
3gerardpique;JuanjoBrau
3gerardpique;shakira
3gerardpique;paugasol
3gerardpique;capde11
3gerardpique;LUISENRIQUE21
3gerardpique;santicanizares
3gerardpique;carmeloanthony
3gerardpique;Carlos_Latre
3gerardpique;joselarraza
3gerardpique;MagicJohnson
3gerardpique;manuginobili
3gerardpique;MikeTyson
3gerardpique;andyroddick
3gerardpique;jfelixdiaz
3gerardpique;juanmacastano
3gerardpique;rbesac
3gerardpique;justdemi
3gerardpique;NellyFurtado
3gerardpique;albertocontador
3gerardpique;Charlymoya
3gerardpique;SHAQ
3gerardpique;aguerosergiokun
3gerardpique;DiegoForlan7
3gerardpique;rudy5fernandez
3gerardpique;richardbranson
3gerardpique;michaelrobinson
3gerardpique;GuillemBalague
3gerardpique;bethrodergas
3gerardpique;ristomejide
3gerardpique;Jordiroosik
3gerardpique;ADaimiel
3gerardpique;RTorquemada
3gerardpique;BumperGraham
3gerardpique;EduPolo
3gerardpique;carlotafabregas
3gerardpique;ochocinco
3gerardpique;clubdefanspique
3gerardpique;CarmeBarcelo
3gerardpique;Buenafuente
3gerardpique;jordievole
3gerardpique;marccrosas
3gerardpique;jordibaste
3gerardpique;monicaplanas
3gerardpique;jquixano
3gerardpique;AlejandroSanz
3gerardpique;gemmaherrero
3gerardpique;javipobla
3gerardpique;rioferdy5
3gerardpique;acaradeperro
3gerardpique;LuMartinBCN
3gerardpique;cesc4official
3gerardpique;andresiniesta8
3gerardpique;Carles5puyol
