follower,followed
mterstegen1,ArianaGrande
mterstegen1,edsheeran
mterstegen1,RitaOra
mterstegen1,heidiklum
mterstegen1,Thiago6
mterstegen1,ArdaTuran
mterstegen1,YannSommer1
mterstegen1,tonyjantschke
mterstegen1,sandroramirez9
mterstegen1,MoLeitner
mterstegen1,AdrianoCorreia6
mterstegen1,Rafinha
mterstegen1,Mascherano
mterstegen1,LuisSuarez9
mterstegen1,thomasvermaelen
mterstegen1,woodyinho
mterstegen1,Schmelle29
mterstegen1,KeVolland
mterstegen1,matshummels
mterstegen1,BSchweinsteiger
mterstegen1,MarioGoetze
mterstegen1,_Pedro17_
mterstegen1,ivanrakitic
mterstegen1,MarcBartra
mterstegen1,andresiniesta8
mterstegen1,neymarjr
mterstegen1,3gerardpique
mterstegen1,DaniAlvesD2
mterstegen1,JordiAlba
mterstegen1,SergiRoberto10
mterstegen1,adidas
mterstegen1,borussia
mterstegen1,FCBarcelona
ivanrakitic,BenWSMiller
ivanrakitic,adidas_ES
ivanrakitic,SpiritandCor
ivanrakitic,AbsoluteBespoke
ivanrakitic,s04
ivanrakitic,MercedesArcas
ivanrakitic,SevilladeFiesta
ivanrakitic,nicopareja21
ivanrakitic,ApoyoRAKITIC4
ivanrakitic,mterstegen1
ivanrakitic,madurohedwiges
ivanrakitic,Manuel_Neuer
ivanrakitic,adidasfootball
ivanrakitic,adidas
ivanrakitic,SkillTwins
ivanrakitic,Bernardo_EZ
ivanrakitic,FC_Basel
ivanrakitic,JRMORALES_SFC
ivanrakitic,thomasvermaelen
ivanrakitic,Munirhaddadi
ivanrakitic,TeamMessi
ivanrakitic,Geo_Kondogbia
ivanrakitic,SubasicDanijel
ivanrakitic,mladen_petric
ivanrakitic,AlvaroNegredo_7
ivanrakitic,JordiAlba
ivanrakitic,F1
ivanrakitic,cilic_marin
ivanrakitic,NKARABATIC
ivanrakitic,rogerfederer
ivanrakitic,chicagobulls
ivanrakitic,_Pedro17_
ivanrakitic,FCBarcelona
ivanrakitic,JuanCala_6
ivanrakitic,JoseReyes_19
ivanrakitic,FredericKanoute
ivanrakitic,Palop1
ivanrakitic,FNavarro_3
ivanrakitic,StephaneMbia
ivanrakitic,LiveClippers
ivanrakitic,LaLiga
ivanrakitic,C1audioBravo
ivanrakitic,2MONTOYA
ivanrakitic,Mascherano
ivanrakitic,AdrianoCorreia6
ivanrakitic,MarcBartra
ivanrakitic,lfc18alberto
ivanrakitic,SergiRoberto10
ivanrakitic,Rafinha
ivanrakitic,MarioMandzukic9
ivanrakitic,DejanLovrenLFC6
ivanrakitic,HNS_CFF
ivanrakitic,andresiniesta8
ivanrakitic,3gerardpique
ivanrakitic,LuisSuarez9
ivanrakitic,DaniAlvesD2
ivanrakitic,SevillaFC
ivanrakitic,neymarjr
ivanrakitic,rakelmauri
luissuarez9;fpscremini
luissuarez9;adidas_ES
luissuarez9;HawkersCo
luissuarez9;SergiRoberto10
luissuarez9;neymarjr
luissuarez9;JordiAlba
luissuarez9;MarcBartra
luissuarez9;3gerardpique
luissuarez9;Mascherano
luissuarez9;DaniAlvesD2
luissuarez9;patosanz_20
luissuarez9;jona2118
luissuarez9;AbitabOficial
luissuarez9;FCBarcelona_es
luissuarez9;aspas10
luissuarez9;14_luisalberto
luissuarez9;Phil_Coutinho
luissuarez9;psuarez80
luissuarez9;DanielAgger
luissuarez9;nurisahin05
luissuarez9;ricky_martin
luissuarez9;rusoperez15
luissuarez9;AldoCauteruccio
luissuarez9;GarganoOfficial
luissuarez9;ECavaniOfficial
luissuarez9;MR11ok
luissuarez9;GabyTedesco
luissuarez9;LucasLeiva87
luissuarez9;glen_johnson
luissuarez9;LFC
luissuarez9;DiegoForlan7
luissuarez9;andresiniesta8
luissuarez9;AFCAjax
teammessi;khiryshelton14
teammessi;a_alex59
teammessi;BogaJeremie
teammessi;Rony10Lopes
teammessi;gyasinho
teammessi;benti96
teammessi;aaron_ditzel
teammessi;MESSImejorDTLT
teammessi;PauloSantos777
teammessi;charlyiacono
teammessi;Melandryu
teammessi;goerkemg
teammessi;6Deathman
teammessi;marcvanaya
teammessi;BrunoRodriguz10
teammessi;iretwit88
teammessi;Escolanmarca
teammessi;bmr_23
teammessi;Luispg10
teammessi;miguenito86
teammessi;manuelggp10
teammessi;SkillTwins
teammessi;lucasrivasdg
teammessi;IAmIzaaz
teammessi;cjh210683
teammessi;KVas1018
teammessi;D10SEdition
teammessi;TheophilusJr1
teammessi;LinaMessi10
teammessi;hamood_outlow
teammessi;MatiasGalarza11
teammessi;messi10stats
teammessi;SkyFootball
teammessi;Football__Tweet
teammessi;fundacionmessi
teammessi;LuisSuarez9
teammessi;GuillemBalague
teammessi;Squawka
teammessi;Rafinha
teammessi;HernanBaigoria
teammessi;AlenHalilovic
teammessi;samsungsport
teammessi;fifaworldcup_es
teammessi;FIFAWorldCup
teammessi;Argentina
teammessi;mundoleodxtv
teammessi;SoccerBible
teammessi;adidasbrasil
teammessi;adidasfussball
teammessi;brazuca
teammessi;adidassoccer
teammessi;_Pedro17_
teammessi;diarioas
teammessi;marca
teammessi;sport
teammessi;mundodeportivo
teammessi;PochoLavezzi
teammessi;LigaBBVA
teammessi;UEFAEURO
teammessi;ChampionsLeague
teammessi;UEFAcom
teammessi;EuropaLeague
teammessi;adidasFR
teammessi;adidasUK
teammessi;adidas_ES
teammessi;adidasUS
teammessi;adidasoriginals
teammessi;_MatiasMessi
teammessi;MariaSolMessi
teammessi;adidas
teammessi;VamosArgentina
teammessi;adidas_miCoach
teammessi;FCBarcelona
teammessi;LaLiga
teammessi;adidaslatam
teammessi;adidasAR
teammessi;MessiQuote
teammessi;DiarioOle
teammessi;FIFAcom
teammessi;Emenderk
teammessi;LeoMessifanclub
teammessi;AbbyWambach
teammessi;adidasfootball
teammessi;KAKA
teammessi;13_Pinto
teammessi;barcastuff
teammessi;MessiStats
teammessi;soccerdotcom
teammessi;1victorvaldes
teammessi;MarcBartra
teammessi;Mascherano
teammessi;CuencaIsaac
teammessi;3gerardpique
teammessi;DaniAlvesD2
teammessi;ctello91
teammessi;Carles5puyol
teammessi;cesc4official
Mascherano;CampusATFA
Mascherano;gianluigibuffon
Mascherano;carlitos3210
Mascherano;GraciesPep0812
Mascherano;Juliolamas1
Mascherano;JJWatt
Mascherano;PatonGuzman
Mascherano;vazqueznico
Mascherano;FTA_Tour
Mascherano;SoyElChapu
Mascherano;cabezadelfino
Mascherano;TipGol
Mascherano;HERNANDEZJUANI
Mascherano;NaniCorleto
Mascherano;Fercaveoficial
Mascherano;DjokerNole
Mascherano;LUISENRIQUE21
Mascherano;mauroboselli
Mascherano;aamurua
Mascherano;Javi_Pastore
Mascherano;Notamendi30
Mascherano;TodaPasion
Mascherano;Garay_24
Mascherano;AlRinconA3
Mascherano;sabatinigabyok
Mascherano;afefutbol
Mascherano;Buenafuente
Mascherano;MannyPacquiaoTR
Mascherano;FloydMayweather
Mascherano;ESPN_FDJ
Mascherano;infra_sam
Mascherano;PPrigioni9
Mascherano;ivanrakitic
Mascherano;signoriniok
Mascherano;marccrosas
Mascherano;twitter
Mascherano;askomartin
Mascherano;benjavicunamori
Mascherano;Panchovarona
Mascherano;LuisSuarez9
Mascherano;minutounocom
Mascherano;TodoGuardiola
Mascherano;PenguinArg
Mascherano;elogro23
Mascherano;BombitaDarin
Mascherano;ntvgoficial
Mascherano;MLS
Mascherano;valorsoja
Mascherano;diazdecampo
Mascherano;LNcampo
Mascherano;elrural
Mascherano;agrositio
Mascherano;DonBisca
Mascherano;DiegoBalado
Mascherano;elEconomistaes
Mascherano;DolarBlue
Mascherano;obricio7
Mascherano;HeinzeGabi
Mascherano;9ReinasRte
Mascherano;HambreCero
Mascherano;marcosrojo5
Mascherano;JuanPaGalavis
Mascherano;FALCAO
Mascherano;G_Higuain
Mascherano;Argentina
Mascherano;m_benedetto
Mascherano;rialjorge
Mascherano;Simeone
Mascherano;HumoDePrimeraTW
Mascherano;GaryLineker
Mascherano;UNICEFargentina
Mascherano;DaniWa
Mascherano;HugoColace
Mascherano;antoniorozco
Mascherano;TonyBarretTimes
Mascherano;martinparlato
Mascherano;MarcGasol
Mascherano;Esepinchewey
Mascherano;clacanna
Mascherano;cuervotinelli
Mascherano;ParadigmaPep
Mascherano;zabala7
Mascherano;EAbidalOfficial
Mascherano;lioscaloni
Mascherano;FBaresi
Mascherano;ChavoFuchs
Mascherano;RodolfoDonofrio
Mascherano;eduardosacheri
Mascherano;terrecejas
Mascherano;sebadominguez6
Mascherano;ADaimiel
Mascherano;paugasol
Mascherano;SalvaDiStefano
Mascherano;JordiAlba
Mascherano;infobae
Mascherano;Torres
Mascherano;Pontifex_es
Mascherano;FinallyMario
Mascherano;CachitoVigil
Mascherano;LuMartinBCN
Mascherano;Toni_Padilla
Mascherano;willy_sagnol
Mascherano;LuisOmarTapia
Mascherano;FCBarcelona_es
Mascherano;Serginog
Mascherano;nikefutbol_ar
Mascherano;neymarjr
Mascherano;DiegoSuarez03
Mascherano;maritozanabria
Mascherano;matiasmanna
Mascherano;Guardiolato
Mascherano;ristomejide
Mascherano;marcmarquez93
Mascherano;vh590
Mascherano;MGallardoficial
Mascherano;guillecoria
Mascherano;lucasbernardi7
Mascherano;enriquesacco
Mascherano;leopillud
Mascherano;Javier_Alarcon_
Mascherano;rickyzinzan
Mascherano;arevalo_martin
Mascherano;_SuperGarcia_
Mascherano;2010MisterChip
Mascherano;PReina25
Mascherano;wolffquique
Mascherano;fcostanzo17
Mascherano;_MatiasMessi
Mascherano;adevaldes
Mascherano;locosxbielsa
Mascherano;gonbonadeo1963
Mascherano;perfilcom
Mascherano;MascheranoClub
Mascherano;CholeAvalos
Mascherano;rogerfederer
Mascherano;Thiago6
Mascherano;LucasLeiva87
Mascherano;kobebryant
Mascherano;martinposse7
Mascherano;JuanIChela
Mascherano;Posibldreams
Mascherano;MartinSouto
Mascherano;FutbolRuso
Mascherano;picomonaco
Mascherano;MR11ok
Mascherano;pablo_zabaleta
Mascherano;nalbandiandavid
Mascherano;RafaelNadal
Mascherano;KingJames
Mascherano;BoKrkic
Mascherano;dflatorre
Mascherano;matiasmartin
Mascherano;rafabenitezweb
Mascherano;TuitsCopados
Mascherano;Palomo_ESPN
Mascherano;WayneRooney
Mascherano;YossiBenayoun15
Mascherano;MichaelPhelps
Mascherano;VarskySports
Mascherano;NavarroMontoya
Mascherano;fernandogagome
Mascherano;GuillemBalague
Mascherano;pityalvarezok
Mascherano;manuginobili
Mascherano;marcelogantman
Mascherano;13_Pinto
Mascherano;RobinSharma
Mascherano;Tamer_walter
Mascherano;JPVarsky
Mascherano;titozanella10
Mascherano;fvitaleazul
Mascherano;Rorrocarballo
Mascherano;Guaje7Villa
Mascherano;aguerosergiokun
Mascherano;PochoLavezzi
Mascherano;Carles5puyol
Mascherano;DaniAlvesD2
Mascherano;_Pedro17_
Mascherano;cesc4official
Mascherano;3gerardpique
Mascherano;1victorvaldes
Mascherano;andresiniesta8
Mascherano;JuanjoBrau
Mascherano;DiegoChazan
Mascherano;germanpaoloski
JordiAlba;SilviaFominaya1
JordiAlba;lorenzo99
JordiAlba;Karen__Manzano
JordiAlba;jaumejosafenes
JordiAlba;_JesusVazquez_
JordiAlba;jpsorin6
JordiAlba;canelitareal
JordiAlba;PBjordialbaZF
JordiAlba;DaniMateoAgain
JordiAlba;eldinhadzic11
JordiAlba;liannesanderson
JordiAlba;S_Pinto_80
JordiAlba;sbtribano
JordiAlba;AlvaroMorata
JordiAlba;JuanBernat
JordiAlba;pepe_mel
JordiAlba;Iagodiaz7
JordiAlba;saraymaoficial
JordiAlba;ivanrakitic
JordiAlba;oscar7cr
JordiAlba;NoeliaGitanos
JordiAlba;anitacobos
JordiAlba;GitanosOLE_CyN
JordiAlba;Nacho_Mar
JordiAlba;losada_vicky
JordiAlba;Corredera7
JordiAlba;Toni_barragan19
JordiAlba;AyozePG
JordiAlba;alexiaps94
JordiAlba;AdriSanMiguel
JordiAlba;dnavarro_4
JordiAlba;CsiErika
JordiAlba;marbelysoficial
JordiAlba;PastorcilloDv
JordiAlba;adrianmartinveg
JordiAlba;mariamartin_L
JordiAlba;trececasas
JordiAlba;Rodrigo_M
JordiAlba;sarah_slmm
JordiAlba;iliesanchez
JordiAlba;guille_sara
JordiAlba;Alex_martinez6
JordiAlba;Joan_Roman7
JordiAlba;SergiSamper
JordiAlba;GaiAsulin
JordiAlba;moraga20
JordiAlba;JuanCala_6
JordiAlba;FatimaPtacek
JordiAlba;gomez_sergi
JordiAlba;filipeluis
JordiAlba;grimaldo35
JordiAlba;jordiquintilla
JordiAlba;nnovo1010
JordiAlba;edubedia
JordiAlba;alexmarquez73
JordiAlba;Jesanchez3
JordiAlba;charlydetalpalo
JordiAlba;EniAlu
JordiAlba;SergioAsenjo1
JordiAlba;louissaha08
JordiAlba;C1audioBravo
JordiAlba;sandroramirez9
JordiAlba;martatorne
JordiAlba;LuisSuarez9
JordiAlba;Dama_Abad
JordiAlba;FaustoTienza
JordiAlba;DenisSuarez36
JordiAlba;10Piti
JordiAlba;hdnegro
JordiAlba;_kathy_87
JordiAlba;thomasvermaelen
JordiAlba;JNavas
JordiAlba;desichely
JordiAlba;MariaChFrdz
JordiAlba;RAFAMORATETE
JordiAlba;CokeVoces
JordiAlba;LUISENRIQUE21
JordiAlba;s_lillo12
JordiAlba;verdejo_alex
JordiAlba;riverakiko
JordiAlba;Alexis_Sanchez
JordiAlba;PatriciaDS88
JordiAlba;AnaGCaldas
JordiAlba;MilenaMartinn
JordiAlba;o_fer21
JordiAlba;manutenorio
JordiAlba;kikoookiko
JordiAlba;montanes_albert
JordiAlba;HospitalenseAtc
JordiAlba;JARfans18
JordiAlba;alba07858440
JordiAlba;Balita18Forever
JordiAlba;ue_cornella
JordiAlba;HotLilloaspe
JordiAlba;PatyNews
JordiAlba;lauraemsg
JordiAlba;feliciano_lopez
JordiAlba;UnaiEmery_
JordiAlba;PabloMotosBlog
JordiAlba;jordievole
JordiAlba;NadalMiki
JordiAlba;tonimoog
JordiAlba;loschunguitos
JordiAlba;AnnaSimonMari
JordiAlba;13segovia13
JordiAlba;Carmigr21
JordiAlba;cancorodriguez
JordiAlba;alexandra_ma21
JordiAlba;TheBabyFlower
JordiAlba;morenaa_morenaa
JordiAlba;ChaconLista
JordiAlba;nuriamarinlh
JordiAlba;PedroGarayB
JordiAlba;Radiole_oficial
JordiAlba;EscolaBalaguer
JordiAlba;JorgePecourt
JordiAlba;rgbarquitectos
JordiAlba;calcazar
JordiAlba;Marta_Aguera
JordiAlba;jordii_alba18
JordiAlba;JordiAlbaHospi
JordiAlba;_elSuso
JordiAlba;LosRebujitos
JordiAlba;lya_Musica
JordiAlba;MAKARINES_S_L
JordiAlba;henrymendez_
JordiAlba;LeoHarlem
JordiAlba;jessicaalba
JordiAlba;kobebryant
JordiAlba;DiegoMartinOfic
JordiAlba;alo_oficial
JordiAlba;Michuoviedo
JordiAlba;J_Baptista81
JordiAlba;Persie_Official
JordiAlba;marcmarquez93
JordiAlba;setoo9
JordiAlba;ElisabethReyes_
JordiAlba;radiomacande
JordiAlba;S_Sanchez_21
JordiAlba;npastorioficial
JordiAlba;DURANOmusica
JordiAlba;DavidBLaVoz
JordiAlba;elketito
JordiAlba;arrebatooficial
JordiAlba;El_Hormiguero
JordiAlba;ursulolita
JordiAlba;pgaguado
JordiAlba;Berto_Romero
JordiAlba;ristomejide
JordiAlba;rosarioficial
JordiAlba;davidbisbal
JordiAlba;DioniMartin
JordiAlba;_MaluOficial_
JordiAlba;El_Flamencovida
JordiAlba;pabloalboran
JordiAlba;manuelcarrasco_
JordiAlba;javigarcia06
JordiAlba;Adominguez15
JordiAlba;IndiaMartinez
JordiAlba;_AndyyLucas_
JordiAlba;WayneRooney
JordiAlba;Oficial_RC3
JordiAlba;fertejerom
JordiAlba;LaLiga
JordiAlba;aguerosergiokun
JordiAlba;10Ronaldinho
JordiAlba;Pitingo
JordiAlba;nolasco_oficial
JordiAlba;RIVALDOOFICIAL
JordiAlba;TopDisneyTwits
JordiAlba;JordiAlba_info
JordiAlba;TrianaCarmona
JordiAlba;AndreuGramage
JordiAlba;HibaAbouk
JordiAlba;santicanizares
JordiAlba;DANIROVIRA
JordiAlba;C_Castillejo
JordiAlba;JaviLopez16
JordiAlba;Chori1708
JordiAlba;VictorTomas8
JordiAlba;fcbarcelona_br
JordiAlba;CesarAzpi
JordiAlba;ElPrincipe_tv
JordiAlba;26_DaniPedrosa
JordiAlba;lfc18alberto
JordiAlba;aaronboria7
JordiAlba;DavidLomban
JordiAlba;woodyinho
JordiAlba;RUBENPEREZ_4
JordiAlba;edusotomoreno
JordiAlba;18JAlbaFans
JordiAlba;Carlos_Latre
JordiAlba;madurohedwiges
JordiAlba;instagram
JordiAlba;Codina13
JordiAlba;dalbelda
JordiAlba;adrian7oficial
JordiAlba;FNavarro_3
JordiAlba;AlvaroVazquez91
JordiAlba;Diego11Capel
JordiAlba;MarioSuarez4
JordiAlba;Buenafuente
JordiAlba;LosMorancos
JordiAlba;CasillasWorld
JordiAlba;estopaoficial
JordiAlba;campusjordialba
JordiAlba;isco_alarcon
JordiAlba;patric_6
JordiAlba;M_A_Moya
JordiAlba;AnderHerrera
JordiAlba;joseangel3cote
JordiAlba;D_DeGea
JordiAlba;DaniParejo
JordiAlba;JoseMotatv
JordiAlba;IkerMuniain19
JordiAlba;rfef
JordiAlba;SergioCanales
JordiAlba;p_piatti
JordiAlba;tinocostalf
JordiAlba;paco_alcacer
JordiAlba;_ProFutbol
JordiAlba;Ever10Banega
JordiAlba;AFontas3
JordiAlba;SSantiagosegura
JordiAlba;JuanjoBrau
JordiAlba;Juanfrantorres
JordiAlba;SergioRamos
JordiAlba;R_Albiol
JordiAlba;Torres
JordiAlba;BoKrkic
JordiAlba;AdrianoCorreia6
JordiAlba;capde11
JordiAlba;juanmata8
JordiAlba;Javi8martinez
JordiAlba;Serginog
JordiAlba;21LVA
JordiAlba;CuencaIsaac
JordiAlba;llorentefer19
JordiAlba;EAbidalOfficial
JordiAlba;josecorbacho
JordiAlba;PReina25
JordiAlba;jona2santos
JordiAlba;paugasol
JordiAlba;davidalba_09
JordiAlba;14_luisalberto
JordiAlba;danimartinezweb
JordiAlba;RafaelNadal
JordiAlba;2MONTOYA
JordiAlba;adidas_ES
JordiAlba;muniesa92
JordiAlba;MarcGasol
JordiAlba;antoniorozco
JordiAlba;gerardeulofeu
JordiAlba;ChampionsLeague
JordiAlba;AlvaroNegredo_7
JordiAlba;fifacom_es
JordiAlba;Koke6
JordiAlba;19SCazorla
JordiAlba;R9Soldado
JordiAlba;Rafinha
JordiAlba;TwitterSports
JordiAlba;adidasfootball
JordiAlba;13_Pinto
JordiAlba;Guaje7Villa
JordiAlba;Mascherano
JordiAlba;DaniAlvesD2
JordiAlba;Thiago6
JordiAlba;LigaBBVA
JordiAlba;neymarjr
JordiAlba;andresiniesta8
JordiAlba;FCBarcelona_cat
JordiAlba;FCBarcelona_es
JordiAlba;3gerardpique
JordiAlba;1victorvaldes
JordiAlba;SergiRoberto10
JordiAlba;MarcBartra
JordiAlba;_Pedro17_
JordiAlba;ctello91
JordiAlba;cesc4official
JordiAlba;Carles5puyol
JordiAlba;SeFutbol
JordiAlba;FCBarcelona
DaniAlvesD2;_MatheusRamos
DaniAlvesD2;SauberF1Team
DaniAlvesD2;redbullracing
DaniAlvesD2;Eliana
DaniAlvesD2;Pepe_elBohio
DaniAlvesD2;JordiCruzMas
DaniAlvesD2;HermanosTorres
DaniAlvesD2;WilliamsRacing
DaniAlvesD2;JoanaSanz9
DaniAlvesD2;LaLiga
DaniAlvesD2;LigaBBVA
DaniAlvesD2;FCBarcelona_cat
DaniAlvesD2;Mugaritz
DaniAlvesD2;JosepPituRoca
DaniAlvesD2;jordirocasan
DaniAlvesD2;CanRocaCeller
DaniAlvesD2;danigarcia_ca
DaniAlvesD2;PacoTorreblanca
DaniAlvesD2;QiqeDacosta
DaniAlvesD2;Dabizdiverxo
DaniAlvesD2;BeatsbyDreBRA
DaniAlvesD2;MiaMello
DaniAlvesD2;ArdaTuran
DaniAlvesD2;raymundosouza
DaniAlvesD2;Cdhp_
DaniAlvesD2;mterstegen1
DaniAlvesD2;e3_barca
DaniAlvesD2;xandedepilares
DaniAlvesD2;MassaFelipe19
DaniAlvesD2;bodegastorres
DaniAlvesD2;MinoriaAB
DaniAlvesD2;AmaiaMontero
DaniAlvesD2;BrunoSoares82
DaniAlvesD2;thomasvermaelen
DaniAlvesD2;sunchannel
DaniAlvesD2;espfantastico
DaniAlvesD2;alquimiafogo
DaniAlvesD2;LaVanguardia
DaniAlvesD2;mhitalia
DaniAlvesD2;FabioPorchat
DaniAlvesD2;marceloadnet0
DaniAlvesD2;pittyleone
DaniAlvesD2;ivanrakitic
DaniAlvesD2;desigual
DaniAlvesD2;MuhammadAli
DaniAlvesD2;FC_DaniAlvesBr
DaniAlvesD2;VEJA
DaniAlvesD2;AlenaShishkova
DaniAlvesD2;benedettaELLE
DaniAlvesD2;FIFAWorldCup
DaniAlvesD2;victor1
DaniAlvesD2;C1audioBravo
DaniAlvesD2;Graffa23
DaniAlvesD2;ufc
DaniAlvesD2;LuisSuarez9
DaniAlvesD2;R13_official
DaniAlvesD2;MagaAfroPop
DaniAlvesD2;profcarlosjulio
DaniAlvesD2;hernanes
DaniAlvesD2;TomCavalcante1
DaniAlvesD2;togedinho
DaniAlvesD2;itsthaidahifans
DaniAlvesD2;aranchaduda
DaniAlvesD2;beltraomaria
DaniAlvesD2;crackoviadeTV3
DaniAlvesD2;Danid2Amo
DaniAlvesD2;mateusolano
DaniAlvesD2;piresgloria
DaniAlvesD2;TiagoAbravanel
DaniAlvesD2;debranascimento
DaniAlvesD2;rafaelzulu
DaniAlvesD2;ramoslazaro
DaniAlvesD2;dedesecco
DaniAlvesD2;gio_antonelli
DaniAlvesD2;fevasconcellos
DaniAlvesD2;bernardipaloma
DaniAlvesD2;rios_mariana
DaniAlvesD2;FlaviaAleReal
DaniAlvesD2;pires_cleo
DaniAlvesD2;leo_fuchs
DaniAlvesD2;MarceloSerrado
DaniAlvesD2;azevedodudu
DaniAlvesD2;brito_the
DaniAlvesD2;Castelli_Henri
DaniAlvesD2;missferraz
DaniAlvesD2;FernandaLimaBah
DaniAlvesD2;portadosfundos
DaniAlvesD2;brunogagliasso
DaniAlvesD2;Buenafuente
DaniAlvesD2;GloboNews
DaniAlvesD2;Tatawerneck
DaniAlvesD2;gil_cachorro
DaniAlvesD2;BarackObama
DaniAlvesD2;_MaluOficial_
DaniAlvesD2;fifacom_es
DaniAlvesD2;jornalnacional
DaniAlvesD2;kobebryant
DaniAlvesD2;melicanel
DaniAlvesD2;MelendiOficial
DaniAlvesD2;tinomarcosreal
DaniAlvesD2;BruMarquezine
DaniAlvesD2;_danielmartin_
DaniAlvesD2;folha
DaniAlvesD2;JornalOGlobo
DaniAlvesD2;g1
DaniAlvesD2;instagram
DaniAlvesD2;dante_bonfim
DaniAlvesD2;FutDados
DaniAlvesD2;JordiAlba
DaniAlvesD2;officialcafu
DaniAlvesD2;marcmarquez93
DaniAlvesD2;ArtseeEyewear
DaniAlvesD2;tadeuoliveira33
DaniAlvesD2;dududu_
DaniAlvesD2;AlexandrePato
DaniAlvesD2;BrunoMars
DaniAlvesD2;CaBertolazzi
DaniAlvesD2;chefgugarocha
DaniAlvesD2;NEGRJOYA
DaniAlvesD2;RafaMarquezMX
DaniAlvesD2;PortalDaniAlves
DaniAlvesD2;caseassessoria
DaniAlvesD2;ferrucciopetri
DaniAlvesD2;tonnyekleber
DaniAlvesD2;EAbidalOfficial
DaniAlvesD2;cleberduran
DaniAlvesD2;bobburnquist
DaniAlvesD2;diogo_nogueira
DaniAlvesD2;GusLedes
DaniAlvesD2;Jonas_Gol
DaniAlvesD2;daltonrangel
DaniAlvesD2;thneves10
DaniAlvesD2;ChampionsLeague
DaniAlvesD2;CristianaMilano
DaniAlvesD2;Dani22alvesfan
DaniAlvesD2;DBA1010
DaniAlvesD2;citriqueheart
DaniAlvesD2;SilviaNistal
DaniAlvesD2;JaisonVieiraa
DaniAlvesD2;Rafaella_
DaniAlvesD2;euandremarques
DaniAlvesD2;djcamilapeixoto
DaniAlvesD2;tgmartins
DaniAlvesD2;dentinho
DaniAlvesD2;oceara
DaniAlvesD2;Falcao12oficial
DaniAlvesD2;xandnax
DaniAlvesD2;SohFaloVerdades
DaniAlvesD2;ChicleteOficial
DaniAlvesD2;lorenzo99
DaniAlvesD2;VictorAndrade07
DaniAlvesD2;RAFAELCABRAL90
DaniAlvesD2;sampaio_carol
DaniAlvesD2;VAREJAOANDERSON
DaniAlvesD2;FARIAPERICLES
DaniAlvesD2;xuxameneghel
DaniAlvesD2;MessiCescAlves
DaniAlvesD2;Billysamprazer
DaniAlvesD2;Oficial_RC3
DaniAlvesD2;naldobenny
DaniAlvesD2;PretaGil
DaniAlvesD2;Alinne_Rosa
DaniAlvesD2;Pele
DaniAlvesD2;filipeluis
DaniAlvesD2;AndreaDuro
DaniAlvesD2;JpAlcantarag
DaniAlvesD2;Minotauromma
DaniAlvesD2;pensamentox
DaniAlvesD2;Duarte04fau
DaniAlvesD2;mannupinho
DaniAlvesD2;Lilian_11
DaniAlvesD2;ecopasalvador
DaniAlvesD2;SpiderAnderson
DaniAlvesD2;JHarden13
DaniAlvesD2;junior_cigano
DaniAlvesD2;popofreitas
DaniAlvesD2;ZacariasErminy
DaniAlvesD2;Guaje7Villa
DaniAlvesD2;CitouDeus
DaniAlvesD2;gagaudieckmann
DaniAlvesD2;Diego11Capel
DaniAlvesD2;MumuzinhoC
DaniAlvesD2;Lhassum
DaniAlvesD2;LetciaPersiles
DaniAlvesD2;omarciusmelhem
DaniAlvesD2;omarcosveras
DaniAlvesD2;IndiaMartinez
DaniAlvesD2;OdirdeSouza
DaniAlvesD2;leizinhotdp
DaniAlvesD2;rafa0017_
DaniAlvesD2;yosoy8a
DaniAlvesD2;13_Pinto
DaniAlvesD2;iomatrix23
DaniAlvesD2;Sarda_Jr
DaniAlvesD2;Mascherano
DaniAlvesD2;PaulaFernandes7
DaniAlvesD2;FanDanialves
DaniAlvesD2;muniesa92
DaniAlvesD2;_Pedro17_
DaniAlvesD2;MarcBartra
DaniAlvesD2;2MONTOYA
DaniAlvesD2;ctello91
DaniAlvesD2;bcbrunocardoso
DaniAlvesD2;JChevanton
DaniAlvesD2;BrunoSGissoni
DaniAlvesD2;AmorRespeitoD2
DaniAlvesD2;pinhaexalta
DaniAlvesD2;DaniAlvesSempre
DaniAlvesD2;CJW3rd
DaniAlvesD2;Joeingles7
DaniAlvesD2;reginacase
DaniAlvesD2;MikaStoitchkov
DaniAlvesD2;CitouOsho
DaniAlvesD2;afernandez70
DaniAlvesD2;dradolfomunoz
DaniAlvesD2;NeymarJrSite
DaniAlvesD2;FePaesLeme
DaniAlvesD2;alvaropm21
DaniAlvesD2;AdrianArana_7
DaniAlvesD2;Huertas09
DaniAlvesD2;DAVIDBRAZIL24
DaniAlvesD2;MD2diz
DaniAlvesD2;JLo
DaniAlvesD2;AtletasdCristo
DaniAlvesD2;DaniAlveslovers
DaniAlvesD2;WithDaniAlves
DaniAlvesD2;Robertsplayer
DaniAlvesD2;idkedavra
DaniAlvesD2;AleixEspargaro
DaniAlvesD2;gubelaciao
DaniAlvesD2;ClubAlvesFans
DaniAlvesD2;CuencaIsaac
DaniAlvesD2;RuglesCantor
DaniAlvesD2;carlinhosbrown
DaniAlvesD2;micheltelo
DaniAlvesD2;Guapayconestilo
DaniAlvesD2;silvioluiz
DaniAlvesD2;SolAlmeidaa
DaniAlvesD2;priscilacoellen
DaniAlvesD2;RubinhoRocha_
DaniAlvesD2;HugoGloss
DaniAlvesD2;danielamercury
DaniAlvesD2;DaniAlvesFc
DaniAlvesD2;_mrSamba
DaniAlvesD2;tara11iker
DaniAlvesD2;AlejandroSanz
DaniAlvesD2;BoKrkic
DaniAlvesD2;patchamusca
DaniAlvesD2;titofull
DaniAlvesD2;marcelochamusca
DaniAlvesD2;willianborges88
DaniAlvesD2;DavidLuiz_4
DaniAlvesD2;DaniAlvesBrasil
DaniAlvesD2;Leia_a_Biblia
DaniAlvesD2;ribasdiego10
DaniAlvesD2;rever_5
DaniAlvesD2;jona2santos
DaniAlvesD2;duducearense
DaniAlvesD2;jauoficial
DaniAlvesD2;cristiribeiro
DaniAlvesD2;TucaFernandes
DaniAlvesD2;FredericKanoute
DaniAlvesD2;AlvesS4
DaniAlvesD2;AlvesMeuRei
DaniAlvesD2;Dedevital
DaniAlvesD2;fernandopirespc
DaniAlvesD2;WithDinorah
DaniAlvesD2;palmeiratgol
DaniAlvesD2;SpecialOlympics
DaniAlvesD2;juparadela
DaniAlvesD2;Redeball
DaniAlvesD2;FelleggerAgency
DaniAlvesD2;marceloguima
DaniAlvesD2;frasescurtas_
DaniAlvesD2;WMakinaciones
DaniAlvesD2;onovojeito
DaniAlvesD2;J_Baptista81
DaniAlvesD2;BMarIeyFrases
DaniAlvesD2;Aleksvoytovich
DaniAlvesD2;DuduProspero
DaniAlvesD2;ChoraoFrases
DaniAlvesD2;cesc4official
DaniAlvesD2;riverakiko
DaniAlvesD2;CantorBelo
DaniAlvesD2;Robinho
DaniAlvesD2;Revelacaoficial
DaniAlvesD2;xanddyharmonia
DaniAlvesD2;gilbertogil
DaniAlvesD2;GabrielBruno
DaniAlvesD2;RealPoderoso
DaniAlvesD2;sorrisomaroto
DaniAlvesD2;sulimar81
DaniAlvesD2;gugakuerten
DaniAlvesD2;RIVALDOOFICIAL
DaniAlvesD2;Catrafrases
DaniAlvesD2;bonspensamentos
DaniAlvesD2;mariagadu
DaniAlvesD2;OLeoSantana
DaniAlvesD2;janilsondasilva
DaniAlvesD2;MotoGP
DaniAlvesD2;F1
DaniAlvesD2;phganso
DaniAlvesD2;FCBarcelona_es
DaniAlvesD2;ticoelias1
DaniAlvesD2;fredgol9
DaniAlvesD2;mundodeportivo
DaniAlvesD2;sport
DaniAlvesD2;augustocury
DaniAlvesD2;SevillaFC
DaniAlvesD2;jadson10_
DaniAlvesD2;fernandinho
DaniAlvesD2;LeandroDamiaoo
DaniAlvesD2;GabiElohim
DaniAlvesD2;sigaBahia
DaniAlvesD2;ecbahia
DaniAlvesD2;globoesporteSP
DaniAlvesD2;Caiobaribeiro
DaniAlvesD2;showdavida
DaniAlvesD2;paulocoelho
DaniAlvesD2;RedeGlobo
DaniAlvesD2;CBF_Futebol
DaniAlvesD2;globoesportecom
DaniAlvesD2;Rafagaucho
DaniAlvesD2;GilbertoSilva15
DaniAlvesD2;ivetesangalo
DaniAlvesD2;ClaudiaLeitte
DaniAlvesD2;10Ronaldinho
DaniAlvesD2;thiaguinhocomth
DaniAlvesD2;KAKA
DaniAlvesD2;denilsonshow
DaniAlvesD2;LucianoHuck
DaniAlvesD2;Andre_Santos27
DaniAlvesD2;elano_blumer
DaniAlvesD2;_alexandrepires
DaniAlvesD2;victor_rios
DaniAlvesD2;rafaribeirorio
DaniAlvesD2;LucasLeiva87
DaniAlvesD2;sandroraniere
DaniAlvesD2;oserginho
DaniAlvesD2;Rafinha
DaniAlvesD2;SergiRoberto10
DaniAlvesD2;AFontas3
DaniAlvesD2;andresiniesta8
DaniAlvesD2;3gerardpique
DaniAlvesD2;JeffrenSuarezB
DaniAlvesD2;1victorvaldes
DaniAlvesD2;Carles5puyol
DaniAlvesD2;JuanjoBrau
DaniAlvesD2;luis_fabuloso
DaniAlvesD2;Renato_11
DaniAlvesD2;FCBarcelona
DaniAlvesD2;Bibliaenlinea
DaniAlvesD2;Thiago6
DaniAlvesD2;neymarjr
DaniAlvesD2;LucasMoura7
DaniAlvesD2;JuanMa_Castillo
DaniAlvesD2;AdrianoCorreia6
DaniAlvesD2;ClaroBrasil
3gerardpique;JorgeBrito_ar
3gerardpique;FilosofiaCruyff
3gerardpique;FCB_datos
3gerardpique;Papel_EM
3gerardpique;AppStoreGames
3gerardpique;RonaldKoeman
3gerardpique;PatrickKluivert
3gerardpique;Earth_Pics
3gerardpique;Futbol_Espanol
3gerardpique;hbarnes
3gerardpique;KatieS
3gerardpique;twitter
3gerardpique;mwseibel
3gerardpique;PeterGuber
3gerardpique;Vivek
3gerardpique;vdsar1970
3gerardpique;DaybookApp
3gerardpique;ArdaTuran
3gerardpique;Fotlipouweb
3gerardpique;AppStore
3gerardpique;POTUS
3gerardpique;PakoAyestaran
3gerardpique;FloydMayweather
3gerardpique;javigomezPAPEL
3gerardpique;JaumeTorres14
3gerardpique;kantinu
3gerardpique;MiRondo
3gerardpique;YayaToure
3gerardpique;ivanrakitic
3gerardpique;pvesterbacka
3gerardpique;LaLiga
3gerardpique;YoursBarcelona
3gerardpique;SportsCenter
3gerardpique;Ronaldo
3gerardpique;MireiaAdmetller
3gerardpique;FascinatingVids
3gerardpique;JPBellido
3gerardpique;LewisHamilton
3gerardpique;XiscoJimix
3gerardpique;Trashorras10
3gerardpique;SitaphaSavane
3gerardpique;History_Pics
3gerardpique;HistoryInPics
3gerardpique;kilianj
3gerardpique;MichelleObama
3gerardpique;Nike_Spain
3gerardpique;MannyPacquiaoTR
3gerardpique;WSJ
3gerardpique;CarniceroDavid
3gerardpique;nikolaloncar
3gerardpique;DalaiLama
3gerardpique;TheIlluminati
3gerardpique;Oprah
3gerardpique;Briatore
3gerardpique;Pontifex_it
3gerardpique;JamesFrancoTV
3gerardpique;glen_johnson
3gerardpique;C1audioBravo
3gerardpique;sninobecerra
3gerardpique;JoanjosepPallas
3gerardpique;gianluigibuffon
3gerardpique;Pirlo_official
3gerardpique;FinallyMario
3gerardpique;toni_duggan
3gerardpique;premierleague
3gerardpique;ChampionsLeague
3gerardpique;AxelTorres
3gerardpique;jordicardoner
3gerardpique;amicsdelesarts
3gerardpique;carlosplus
3gerardpique;GarciaPimienta
3gerardpique;TheSergioGarcia
3gerardpique;quiqueal16
3gerardpique;joaquinvaldes77
3gerardpique;LuisFigo
3gerardpique;irenejunquera
3gerardpique;Truiz74
3gerardpique;josepcapdevila
3gerardpique;RafelPol
3gerardpique;didacpeyret
3gerardpique;GrigorDimitrov
3gerardpique;gerardquintana
3gerardpique;Palomo_ESPN
3gerardpique;ModernetdeMerda
3gerardpique;stanwawrinka
3gerardpique;as_trueba
3gerardpique;jvehils
3gerardpique;tonyparker
3gerardpique;Pschmeichel1
3gerardpique;ferranadria
3gerardpique;ManUtd
3gerardpique;pepsetvalls
3gerardpique;Pele
3gerardpique;Marcotti
3gerardpique;MDpor_elmundo
3gerardpique;beckenbauer
3gerardpique;jordicosta1
3gerardpique;xavitorresll
3gerardpique;martiperarnau
3gerardpique;jordidilo
3gerardpique;carlosblanco
3gerardpique;Manuel_Neuer
3gerardpique;esmuellert_
3gerardpique;ToniKroos
3gerardpique;BSchweinsteiger
3gerardpique;Podolski10
3gerardpique;woodyinho
3gerardpique;MarioGoetze
3gerardpique;MesutOzil1088
3gerardpique;vieri_bobo
3gerardpique;iomatrix23
3gerardpique;3gerardpiqueHQ
3gerardpique;jamesdrodriguez
3gerardpique;Aussies_Abroad
3gerardpique;natruscat
3gerardpique;sportingintel
3gerardpique;JordiAlba
3gerardpique;KeradGames
3gerardpique;ThierryHenry
3gerardpique;PrunaDoc
3gerardpique;Ibra_official
3gerardpique;carlos7bacca
3gerardpique;abarceloh25
3gerardpique;RaholaOficial
3gerardpique;MainatJM
3gerardpique;QuimMonzo
3gerardpique;agustibenedito
3gerardpique;JoanLaportaFCB
3gerardpique;JHarden13
3gerardpique;jmbartomeu
3gerardpique;CesarAzpi
3gerardpique;manelarroyo
3gerardpique;Torres
3gerardpique;Hectorfernandez
3gerardpique;MedinaDoc
3gerardpique;abaronet
3gerardpique;SeppBlatter
3gerardpique;xaviertrias
3gerardpique;marimonkike
3gerardpique;RCIERCO
3gerardpique;TheEllenShow
3gerardpique;setoo9
3gerardpique;Vanesalorenzo_
3gerardpique;thibautcourtois
3gerardpique;Nike
3gerardpique;EAbidalOfficial
3gerardpique;lang_lang
3gerardpique;InfoPique
3gerardpique;GullitR
3gerardpique;Alfremartinezz
3gerardpique;CasillasWorld
3gerardpique;rubenuria
3gerardpique;airllimos
3gerardpique;marcosperiodico
3gerardpique;JaumedeLaiguana
3gerardpique;TexDolly
3gerardpique;GregMerson
3gerardpique;TomDwan
3gerardpique;pabloalboran
3gerardpique;enricmasip5
3gerardpique;NaniRoma
3gerardpique;AndyMitten
3gerardpique;phil_hellmuth
3gerardpique;Liv_Boeree
3gerardpique;RealKidPoker
3gerardpique;JonathanDuhamel
3gerardpique;JasonMercier
3gerardpique;ARAToniPadilla
3gerardpique;AlbertLlimos
3gerardpique;canalesarturo
3gerardpique;Pontifex
3gerardpique;AdriaVilanova
3gerardpique;fabiocannavaro
3gerardpique;kobebryant
3gerardpique;19SCazorla
3gerardpique;ManuSeuge
3gerardpique;lamacope
3gerardpique;DavidMarca
3gerardpique;rogerfederer
3gerardpique;SeFutbol
3gerardpique;PhilJackson11
3gerardpique;ScottiePippen
3gerardpique;estevecalzada
3gerardpique;JudithRubinat
3gerardpique;PReina25
3gerardpique;mbernabeuIG
3gerardpique;sanantheone
3gerardpique;TorresPCarlos
3gerardpique;GoldenMgr
3gerardpique;Forbes
3gerardpique;marcvidal
3gerardpique;2010MisterChip
3gerardpique;BenWSMiller
3gerardpique;dalbelda
3gerardpique;Ferran13
3gerardpique;Mo_Farah
3gerardpique;assassinsspain
3gerardpique;afefutbol
3gerardpique;sidlowe
3gerardpique;firstLadyD4
3gerardpique;RIVALDOOFICIAL
3gerardpique;Natejawai
3gerardpique;SiqueRodriguez
3gerardpique;quimyo
3gerardpique;GeorgeCloooney
3gerardpique;WoodyAllen
3gerardpique;rut_vilar
3gerardpique;marcmarquez93
3gerardpique;JohanDjourou
3gerardpique;EduardoDaSilva
3gerardpique;Cris_Puig
3gerardpique;MariusCarol
3gerardpique;anton_ferdinand
3gerardpique;Philsend4
3gerardpique;thomasvermaelen
3gerardpique;J_Baptista81
3gerardpique;R_Albiol
3gerardpique;simao20sabrosa
3gerardpique;julianobelletti
3gerardpique;RafaMarquezMX
3gerardpique;Urirosell
3gerardpique;AlexCorretja74
3gerardpique;RamonCugat
3gerardpique;JoleonLescott
3gerardpique;VincentKompany
3gerardpique;fizzer18
3gerardpique;Lakeit22
3gerardpique;louissaha08
3gerardpique;GabyCairo06
3gerardpique;M_Granollers
3gerardpique;tysonchandler
3gerardpique;martiriverola20
3gerardpique;Ludacris
3gerardpique;grimaldo35
3gerardpique;KDTrey5
3gerardpique;SarmientoSandra
3gerardpique;davidguetta
3gerardpique;ivan_balliu
3gerardpique;nuriarocagranel
3gerardpique;csarsanchez71
3gerardpique;JohnIsner
3gerardpique;picomonaco
3gerardpique;stephenfry
3gerardpique;JoaquinCaparros
3gerardpique;IamMSilvestre
3gerardpique;21LVA
3gerardpique;NeYoCompound
3gerardpique;ValeYellow46
3gerardpique;2MONTOYA
3gerardpique;Jgomeznoya
3gerardpique;usainbolt
3gerardpique;GaryLineker
3gerardpique;SamuelLJackson
3gerardpique;McIlroyRory
3gerardpique;kimfajula
3gerardpique;pepefajula
3gerardpique;jordiGlez
3gerardpique;Joanmaspeidro
3gerardpique;miss_belmont
3gerardpique;pilarguinovart
3gerardpique;PiqueFansBR
3gerardpique;JLin7
3gerardpique;raulgsuarez
3gerardpique;ctello91
3gerardpique;andy_murray
3gerardpique;filippomricci
3gerardpique;miquelcalcada
3gerardpique;FredericKanoute
3gerardpique;Juanfrantorres
3gerardpique;TomasUjfa
3gerardpique;Cuellar24
3gerardpique;Adominguez15
3gerardpique;FALCAO
3gerardpique;TipsarevicJanko
3gerardpique;13_Pinto
3gerardpique;piersmorgan
3gerardpique;kanyewest
3gerardpique;BillGates
3gerardpique;aplusk
3gerardpique;TEDchris
3gerardpique;tomhanks
3gerardpique;iamdiddy
3gerardpique;CP3
3gerardpique;sparker
3gerardpique;derekfisher
3gerardpique;TheBorisBecker
3gerardpique;MichaelPhelps
3gerardpique;WoodyQuotes
3gerardpique;Chad_Hurley
3gerardpique;SimonCowell
3gerardpique;biz
3gerardpique;YossiBenayoun15
3gerardpique;JensonButton
3gerardpique;TimTebow
3gerardpique;LuisSuarez9
3gerardpique;gerardpiqueBR
3gerardpique;Mascherano
3gerardpique;GNev2
3gerardpique;alakue
3gerardpique;jgarbajosa15
3gerardpique;MarianoVivanco
3gerardpique;epunset
3gerardpique;SBE12
3gerardpique;toniclapes
3gerardpique;albertboix
3gerardpique;RogerSaperas
3gerardpique;ToniElias24
3gerardpique;SergiSamper
3gerardpique;adrian7oficial
3gerardpique;andresvelencoso
3gerardpique;MigRico
3gerardpique;julia_otero
3gerardpique;albertllovera
3gerardpique;estopaoficial
3gerardpique;xavimenos
3gerardpique;GaizkaMendieta6
3gerardpique;ElGranMachels
3gerardpique;ernv1208
3gerardpique;tonimoog
3gerardpique;xavierbosch
3gerardpique;PedrodelaRosa1
3gerardpique;martatorne
3gerardpique;josefajram
3gerardpique;xavirabaseda22
3gerardpique;laiaferrer
3gerardpique;neymarjr
3gerardpique;BibianaBallbe
3gerardpique;jrdelamorena
3gerardpique;aromeroser
3gerardpique;gerardromero
3gerardpique;Mango
3gerardpique;alo_oficial
3gerardpique;SergioCanales
3gerardpique;LluisFlaquer
3gerardpique;alvarocarmona
3gerardpique;robercarretero
3gerardpique;gabyruizplus
3gerardpique;tonifreixa
3gerardpique;Javi8martinez
3gerardpique;FrasesFtbol
3gerardpique;MarcBartra
3gerardpique;Carolcerezuela
3gerardpique;MardyFish
3gerardpique;swish41
3gerardpique;DavidFerrer87
3gerardpique;Rogergrimau
3gerardpique;XSalaimartin
3gerardpique;Huertas09
3gerardpique;nebilWescSide
3gerardpique;Persie_Official
3gerardpique;IkerMuniain19
3gerardpique;MarioSuarez4
3gerardpique;sergeibaka9
3gerardpique;jona2santos
3gerardpique;FillWerrell
3gerardpique;albapareja
3gerardpique;Natasha_Norman
3gerardpique;its_pipo
3gerardpique;JavierAlvarez84
3gerardpique;solermariona
3gerardpique;CuencaIsaac
3gerardpique;MonicaCarrillo
3gerardpique;NickKristof
3gerardpique;susannagriso
3gerardpique;Toquero_theboss
3gerardpique;FCBarcelona_cat
3gerardpique;BoKrkic
3gerardpique;_Pedro17_
3gerardpique;Guaje7Villa
3gerardpique;russellcrowe
3gerardpique;MarcGasol
3gerardpique;RobMooreSoccer
3gerardpique;dafnefdez
3gerardpique;JmCalderon3
3gerardpique;DjokerNole
3gerardpique;llorentefer19
3gerardpique;TRobredo
3gerardpique;D_DeGea
3gerardpique;josecorbacho
3gerardpique;m_pique
3gerardpique;Migninho
3gerardpique;djafrojack
3gerardpique;RvN1776
3gerardpique;FCBarcelona_es
3gerardpique;gomez_sergi
3gerardpique;rickyrubio9
3gerardpique;AnnaSimonMari
3gerardpique;antonibassas
3gerardpique;FCBarcelona
3gerardpique;10Ronaldinho
3gerardpique;SSantiagosegura
3gerardpique;DaniAlvesD2
3gerardpique;noaheverett
3gerardpique;TwitPic
3gerardpique;Santi_Millan
3gerardpique;Berto_Romero
3gerardpique;Fotlipou
3gerardpique;DwightHoward
3gerardpique;Serginog
3gerardpique;6albertpedret
3gerardpique;DwyaneWade
3gerardpique;LakovicJaka
3gerardpique;ifilosofia
3gerardpique;Joeingles7
3gerardpique;gerardeulofeu
3gerardpique;jtimberlake
3gerardpique;jordipc
3gerardpique;soniagelma
3gerardpique;Rafinha
3gerardpique;muniesa92
3gerardpique;AFontas3
3gerardpique;SergiRoberto10
3gerardpique;Thiago6
3gerardpique;AdrianoCorreia6
3gerardpique;JeffrenSuarezB
3gerardpique;50cent
3gerardpique;SteveNash
3gerardpique;KimKardashian
3gerardpique;BarackObama
3gerardpique;KingJames
3gerardpique;Eminem
3gerardpique;aliciakeys
3gerardpique;dannysimpson
3gerardpique;TigerWoods
3gerardpique;bvalero20
3gerardpique;charliesheen
3gerardpique;MarcosSenna19
3gerardpique;juanmata8
3gerardpique;GiuseppeRossi22
3gerardpique;WayneRooney
3gerardpique;1victorvaldes
3gerardpique;seguiandco
3gerardpique;Palop1
3gerardpique;AnderHerrera
3gerardpique;JuanjoBrau
3gerardpique;shakira
3gerardpique;paugasol
3gerardpique;capde11
3gerardpique;LUISENRIQUE21
3gerardpique;santicanizares
3gerardpique;carmeloanthony
3gerardpique;Carlos_Latre
3gerardpique;joselarraza
3gerardpique;MagicJohnson
3gerardpique;manuginobili
3gerardpique;MikeTyson
3gerardpique;andyroddick
3gerardpique;jfelixdiaz
3gerardpique;juanmacastano
3gerardpique;rbesac
3gerardpique;justdemi
3gerardpique;NellyFurtado
3gerardpique;albertocontador
3gerardpique;Charlymoya
3gerardpique;SHAQ
3gerardpique;aguerosergiokun
3gerardpique;DiegoForlan7
3gerardpique;rudy5fernandez
3gerardpique;richardbranson
3gerardpique;michaelrobinson
3gerardpique;GuillemBalague
3gerardpique;bethrodergas
3gerardpique;ristomejide
3gerardpique;Jordiroosik
3gerardpique;ADaimiel
3gerardpique;RTorquemada
3gerardpique;BumperGraham
3gerardpique;EduPolo
3gerardpique;carlotafabregas
3gerardpique;ochocinco
3gerardpique;clubdefanspique
3gerardpique;CarmeBarcelo
3gerardpique;Buenafuente
3gerardpique;jordievole
3gerardpique;marccrosas
3gerardpique;jordibaste
3gerardpique;monicaplanas
3gerardpique;jquixano
3gerardpique;AlejandroSanz
3gerardpique;gemmaherrero
3gerardpique;javipobla
3gerardpique;rioferdy5
3gerardpique;acaradeperro
3gerardpique;LuMartinBCN
3gerardpique;cesc4official
3gerardpique;andresiniesta8
3gerardpique;Carles5puyol
neymarjr;officialpes
neymarjr;nadineinjr
neymarjr;Jumpman23
neymarjr;melfronckowiak
neymarjr;robbowxm
neymarjr;PokerStars
neymarjr;FelipeMojave
neymarjr;juanferquinte10
neymarjr;AlejandroSanz
neymarjr;Rio2016
neymarjr;nathroccha
neymarjr;jorgeazul_uch
neymarjr;Alexis_Sanchez
neymarjr;ivanrakitic
neymarjr;josemaciapepe
neymarjr;GreenValleyBr
neymarjr;CA2015
neymarjr;Nike
neymarjr;TwitterMediaBR
neymarjr;ma_werneck
neymarjr;erickschonfeld
neymarjr;pauloconsentino
neymarjr;NJRBARB
neymarjr;unicefbrasil
neymarjr;juan5jesus
neymarjr;EllevenWear
neymarjr;rai10oficial
neymarjr;ayeeleporati
neymarjr;gabriel1medina
neymarjr;Arthurzinho98
neymarjr;vine
neymarjr;Carles5puyol
neymarjr;Thiago6
neymarjr;_Pedro17_
neymarjr;aakkari
neymarjr;Ronaldo
neymarjr;angelcandice
neymarjr;AdrianaLima
neymarjr;Podolski10
neymarjr;BSchweinsteiger
neymarjr;MarioGoetze
neymarjr;esmuellert_
neymarjr;Manuel_Neuer
neymarjr;LuisSuarez9
neymarjr;R13_official
neymarjr;dante_bonfim
neymarjr;Capita70
neymarjr;Benja97
neymarjr;junior_cigano
neymarjr;josealdojunior
neymarjr;Minotouromma
neymarjr;RicaPerrone
neymarjr;RealKajuru
neymarjr;BlogdoJuca
neymarjr;pvcefox
neymarjr;andrizek
neymarjr;AlexEscobar_
neymarjr;oscar8
neymarjr;paulinhop8
neymarjr;rihanna
neymarjr;demianmaia
neymarjr;Clijsterskim
neymarjr;neymarpaireal
neymarjr;Brasil2016
neymarjr;shakira
neymarjr;amandarrc
neymarjr;NiallOfficial
neymarjr;kobebryant
neymarjr;nelsonexplica
neymarjr;AntonioDiazbcn
neymarjr;BernardParker
neymarjr;fifaworldcup_pt
neymarjr;FIFAWorldCup
neymarjr;Castrol
neymarjr;FCBarcelona_es
neymarjr;cesc4official
neymarjr;Gabi_MtsOFICIAL
neymarjr;JordiAlba
neymarjr;pedroscooby
neymarjr;dilmabr
neymarjr;officialcafu
neymarjr;ctello91
neymarjr;UnileverBrasil
neymarjr;NBA
neymarjr;MarcBartra
neymarjr;1victorvaldes
neymarjr;Mascherano
neymarjr;BeatsbyDreBRA
neymarjr;3gerardpique
neymarjr;mentosbrasil
neymarjr;13_Pinto
neymarjr;Cristiano
neymarjr;Guaje7Villa
neymarjr;andresiniesta8
neymarjr;InstitutoNJr
neymarjr;fcbarcelona_br
neymarjr;bernardooficial
neymarjr;FCBarcelona
neymarjr;xanndy_oficial
neymarjr;wavesforwater
neymarjr;FinallyMario
neymarjr;LGustavo_22
neymarjr;SignoTop
neymarjr;EuqueseiReal
neymarjr;thomasjoficial
neymarjr;candantas
neymarjr;Giba7Oficial
neymarjr;AlexandrePato
neymarjr;Montil10
neymarjr;BenassiCris
neymarjr;KBoficial
neymarjr;rioferdy5
neymarjr;negro_dos
neymarjr;Leonardo_Levi
neymarjr;bearanha01
neymarjr;xicosa
neymarjr;tgmartins
neymarjr;Hernanbarcos
neymarjr;LojaNeymar
neymarjr;NeymarJrSite
neymarjr;Brucili4
neymarjr;CarroMesmo
neymarjr;ClaroBrasil
neymarjr;guarana
neymarjr;LupoOficial
neymarjr;tenyspebaruel
neymarjr;nikefutebol
neymarjr;CBF_Futebol
neymarjr;SantosFC
neymarjr;RedBullBR
neymarjr;PalpiterosBR
neymarjr;Alinne_Rosa
neymarjr;LuizMorart
neymarjr;ClaudiaReisTV
neymarjr;CrisPitta91
neymarjr;junazarini
neymarjr;tiagoluis89
neymarjr;NikeRio
neymarjr;CarolMaccedo
neymarjr;claudinhamelorj
neymarjr;robertaappratti
neymarjr;JuliaFriedmann
neymarjr;gubelaciao
neymarjr;PhilipeVidal1
neymarjr;douglascosta
neymarjr;MsJoSmith
neymarjr;RodriguezPatoOk
neymarjr;alexmorgan13
neymarjr;timebrasil
neymarjr;thiagopereira
neymarjr;SarahGabryelle
neymarjr;aprisol
neymarjr;naldobenny
neymarjr;wsilva11
neymarjr;zeloreto
neymarjr;Kakabielawski
neymarjr;eikebatista
neymarjr;Pele
neymarjr;ACeciliaCunha
neymarjr;renatadavilah
neymarjr;rodrigo_gallo
neymarjr;MoniqueAmin
neymarjr;Camargo_Monique
neymarjr;LORENABUERI
neymarjr;Ronny_91
neymarjr;andressagarciap
neymarjr;ThomasMedici
neymarjr;marcela_ands
neymarjr;Carladiaz_
neymarjr;Srta_Iozzi
neymarjr;micheltelo
neymarjr;ReMolinaro
neymarjr;CBelliOficial
neymarjr;euFabiTeixeira
neymarjr;ellen_jabour
neymarjr;fellipe_camargo
neymarjr;paue
neymarjr;fildzz
neymarjr;pensadorgabriel
neymarjr;robertagabardo
neymarjr;FredinhoRincon
neymarjr;Gominho
neymarjr;celsoportiolli
neymarjr;IsabellarRusso
neymarjr;brunaabad
neymarjr;mayracardi
neymarjr;alecarol
neymarjr;Falcao12oficial
neymarjr;fabiomaradei
neymarjr;danielerthal
neymarjr;jaquelinevolei
neymarjr;andressa_suita
neymarjr;getominaga
neymarjr;SalvadorCaps
neymarjr;Adan_JC
neymarjr;mlkdancante
neymarjr;VictorAndrade07
neymarjr;jectorres
neymarjr;djcamilapeixoto
neymarjr;Minotauromma
neymarjr;RAFAELCABRAL90
neymarjr;Daaaystos
neymarjr;Ra__Saldanha
neymarjr;FFerrari_01
neymarjr;rafaelasenador
neymarjr;CesarMenotti
neymarjr;fabianomenotti
neymarjr;DavidLuiz_4
neymarjr;rapha_eduardo
neymarjr;Sinceridades
neymarjr;amandafrancozo
neymarjr;vilhenap
neymarjr;mverdelhomv
neymarjr;malheirosflavia
neymarjr;marianasampaioo
neymarjr;marcosaudiomix
neymarjr;LiviaLemosP
neymarjr;Dimba07
neymarjr;GalisteuOficial
neymarjr;simonisampaio
neymarjr;jrsaldanha93
neymarjr;Fefe_Oficial
neymarjr;Phenriquee3
neymarjr;ANGELIS_
neymarjr;craquedoamanha
neymarjr;mary_antonelli
neymarjr;Leeobmw
neymarjr;marcosmion
neymarjr;tata_estaniecki
neymarjr;emersonpalmieri
neymarjr;BastosMarianne
neymarjr;feoficial17
neymarjr;Oficial_RC3
neymarjr;Fabriciogms
neymarjr;carolklein8
neymarjr;MumuzinhoC
neymarjr;mariliaboaretto
neymarjr;FeAlmeidaReal
neymarjr;giimunhoz
neymarjr;kaduparga
neymarjr;rafaelquadros_
neymarjr;Ale_Santana07
neymarjr;carol
neymarjr;moalfradique
neymarjr;edu
neymarjr;Support
neymarjr;daniscatolin
neymarjr;flavinhaclucas
neymarjr;ribasdiego10
neymarjr;Julianatps
neymarjr;sampaio_carol
neymarjr;Dedevital
neymarjr;atequinta
neymarjr;renatasann
neymarjr;9rivaldinho
neymarjr;JuJuCamargo1
neymarjr;kacamposmello
neymarjr;fernandinho
neymarjr;flafragoso
neymarjr;Thascya
neymarjr;bananinhadany
neymarjr;sophiaabrahao
neymarjr;morartimoveis
neymarjr;marcellomelojr
neymarjr;bia_lage
neymarjr;juoristanio
neymarjr;KarenKounrouzan
neymarjr;JanainaSpaz
neymarjr;leao_gustavo
neymarjr;andeerson92
neymarjr;gabigol
neymarjr;leandrosilva02
neymarjr;amandaroyal10
neymarjr;brunogagliasso
neymarjr;CAPRICHO
neymarjr;gewbank
neymarjr;FerRod
neymarjr;milenatoscano
neymarjr;alice_correa
neymarjr;mariruybarbosa
neymarjr;alankardec14
neymarjr;Caramelotdp
neymarjr;Rubinhoturma
neymarjr;MarcelinhoTDP
neymarjr;leizinhotdp
neymarjr;andressaguiii
neymarjr;laisfr
neymarjr;jadson10_
neymarjr;alexbernardo_
neymarjr;mari_silvestre
neymarjr;Robinho
neymarjr;Phil_Coutinho
neymarjr;fontenellegaby
neymarjr;renatafreitastv
neymarjr;edmundosouza7
neymarjr;thathymelllo
neymarjr;Alexandraouro
neymarjr;adryantavares
neymarjr;joaofolsta
neymarjr;Erikac_09
neymarjr;TataFersoza
neymarjr;HelenCriss
neymarjr;ivetesangalo
neymarjr;_vitinho96_
neymarjr;Sjr_90
neymarjr;samaracosta00
neymarjr;LuaraMC
neymarjr;PaulaFernandes7
neymarjr;larydeoliveira_
neymarjr;lynhoshow
neymarjr;juniormadalena
neymarjr;NubiaOliiver
neymarjr;priscilacoellen
neymarjr;diascarol
neymarjr;crysgabiatti
neymarjr;phganso
neymarjr;De_Salles05
neymarjr;Jamile_Moreira
neymarjr;9inewpp
neymarjr;marianechilo
neymarjr;AdrianoCorreia6
neymarjr;MauroNaves25
neymarjr;ValescaOficial
neymarjr;LeandroDamiaoo
neymarjr;fredgol9
neymarjr;luiztaveira44
neymarjr;dessarribeiro
neymarjr;rodrigocabral01
neymarjr;MalluNavarro_
neymarjr;Catrafrases
neymarjr;cacau_colucci
neymarjr;DaniAlvesD2
neymarjr;rodrigo_globo
neymarjr;juju_goba
neymarjr;Flaviacunha01
neymarjr;neryshow11
neymarjr;marcionoschese
neymarjr;lclilica
neymarjr;_BigBlack
neymarjr;boliveirakari
neymarjr;_noellegonzaga
neymarjr;Marqessi
neymarjr;natizilio
neymarjr;oserginho
neymarjr;ivan_more
neymarjr;femicali
neymarjr;taisonfreda7
neymarjr;CoelhoArnaldoC
neymarjr;MarceloTMarques
neymarjr;brusantanareal
neymarjr;luansantana
neymarjr;anna_rytta
neymarjr;lepaesleme
neymarjr;LumaVidal
neymarjr;lmaniezo
neymarjr;_GuiBonesso
neymarjr;diegolagos
neymarjr;_isasevero
neymarjr;Caiobaribeiro
neymarjr;CantorBelo
neymarjr;CarolOliveira94
neymarjr;letticiagoiis
neymarjr;andreolifelipe
neymarjr;cqc
neymarjr;EdsonCholbi
neymarjr;evelynjust
neymarjr;tadeu_09
neymarjr;bernardipaloma
neymarjr;Rogerinho_penie
neymarjr;nmoura10
neymarjr;TainanOficial02
neymarjr;andreerotico
neymarjr;AlanPatrick91
neymarjr;jcelsomoraes
neymarjr;tina_spier
neymarjr;iaiaoliveira
neymarjr;ademirquintino
neymarjr;MarianaRio
neymarjr;xuxameneghel
neymarjr;Fernanda_Gentil
neymarjr;Magrellobah
neymarjr;tikinho_campos
neymarjr;TaniaRammos
neymarjr;VINICIUSFTV
neymarjr;giovannacostig
neymarjr;Marcio_Iannacca
neymarjr;Sra_JuliaBueno
neymarjr;isabelaheusi
neymarjr;ClaudiaLeitte
neymarjr;FlavinhaViana
neymarjr;F7_91
neymarjr;danicarvalhooo
neymarjr;MariaPinna
neymarjr;BrunoSGissoni
neymarjr;CarolAnacleeto
neymarjr;ste_marques_
neymarjr;zezinho_90
neymarjr;diogooluis
neymarjr;santanaadriana
neymarjr;MayanaMRNeiva
neymarjr;BiaeBrancaFeres
neymarjr;masenedesi
neymarjr;NiveaStelmann
neymarjr;rodolfocorreia
neymarjr;bandfmsemsono
neymarjr;RealAnamara
neymarjr;cahbuoroo
neymarjr;RafaJM
neymarjr;Juju__Ferreira
neymarjr;Jennystos
neymarjr;Josiannie
neymarjr;clubroyal
neymarjr;alejomuniz
neymarjr;RLancelloti
neymarjr;_CrisBella
neymarjr;MiCrisfepeReal
neymarjr;NatCastroReal
neymarjr;ambrosioelieser
neymarjr;jms_100
neymarjr;marianafanton
neymarjr;Leia_a_Biblia
neymarjr;miccaelaa
neymarjr;misantosoficial
neymarjr;tripoli_bigode
neymarjr;MayraMaia
neymarjr;ojrjoga10
neymarjr;Kleber_Henr
neymarjr;angelicabaldini
neymarjr;Tera_Gargantini
neymarjr;sandroraniere
neymarjr;LucasLeiva87
neymarjr;GuiPitta_
neymarjr;reginacase
neymarjr;linianerocha
neymarjr;PattyFisio
neymarjr;SpiderAnderson
neymarjr;wachitao9
neymarjr;RenataBFan
neymarjr;NahlaiLewis
neymarjr;brunodeluca
neymarjr;nataliafedrizzi
neymarjr;FePaesLeme
neymarjr;kobarestart
neymarjr;thomasrestart
neymarjr;pelurestart
neymarjr;pelanza
neymarjr;Marcusbuaiz
neymarjr;PalomaTocci
neymarjr;gregorioqpf
neymarjr;Casemiro
neymarjr;Garamba
neymarjr;Ellen_Rocche
neymarjr;_JorgeHenrique
neymarjr;CaioCastro
neymarjr;naticasassola
neymarjr;TaniaOliveira
neymarjr;jucilei8
neymarjr;DavidBraz_Filho
neymarjr;calheirosnick
neymarjr;moapor
neymarjr;hganzarolli
neymarjr;_IsisValverde
neymarjr;brunamanzon
neymarjr;romarinho249
neymarjr;emilioeric
neymarjr;melsouttoo
neymarjr;raphaellacoelho
neymarjr;gabrielalopesg
neymarjr;R_Leiria
neymarjr;NaiiaraSanttana
neymarjr;__Ana__Cris__
neymarjr;tardelli9
neymarjr;TVFamaOficial
neymarjr;willianjose19
neymarjr;BelloFutevolei
neymarjr;victor_rios
neymarjr;Di_Mauricio_
neymarjr;Rafinhadiz
neymarjr;Paulinhadonati
neymarjr;feitosag
neymarjr;LiaKheyReal
neymarjr;Spot_fit
neymarjr;gabrielated
neymarjr;laisfeitosa
neymarjr;luziacoppi
neymarjr;brunouvini34
neymarjr;LG10OFFICIAL
neymarjr;ZeEduardo22
neymarjr;brunorezende1
neymarjr;Tavares_naat
neymarjr;showdavida
neymarjr;thaianyrs
neymarjr;MelanciaOficial
neymarjr;fesaldanha
neymarjr;LucasMoura7
neymarjr;moniquevansreal
neymarjr;Jonathanlds
neymarjr;eduardocosta
neymarjr;Lucia_Pel
neymarjr;bemesquitareal
neymarjr;sarah_lanza
neymarjr;arlindocruzbr
neymarjr;karlanovaes
neymarjr;LucieleCamargo
neymarjr;OficialRMoura
neymarjr;nayanasonda
neymarjr;arlindinhocruz
neymarjr;glendakozlowski
neymarjr;Rafa_Galhardoo
neymarjr;SiGaletti
neymarjr;_alexandrepires
neymarjr;CesarCielo
neymarjr;ciaaooo
neymarjr;rodrigonline
neymarjr;Revelacaoficial
neymarjr;adaorosatattoo
neymarjr;Franzinho92
neymarjr;OLeoSantana
neymarjr;LeoViga
neymarjr;EvandroAPOSSS
neymarjr;kauerivera
neymarjr;KATIAVOLKLAND
neymarjr;gusttavo_lima
neymarjr;FrandeSouzaa_
neymarjr;Denicavalcante
neymarjr;JuniCalafat
neymarjr;inovashow
neymarjr;PollyanaMorbach
neymarjr;APOSSSoficial
neymarjr;brunomendonca83
neymarjr;MLancelloti
neymarjr;elano_blumer
neymarjr;Billysamprazer
neymarjr;danisperle
neymarjr;VandinhoV9
neymarjr;carlosrigueiral
neymarjr;DAVIDBRAZIL24
neymarjr;patybiriba
neymarjr;Samara_Felippo
neymarjr;JOSYOLI
neymarjr;ederson10_fut
neymarjr;patriciapoetap
neymarjr;eloahuzeda
neymarjr;RoRoRodrigues
neymarjr;GisdeOliveira
neymarjr;rafavmello
neymarjr;RafinhaViscardi
neymarjr;paulo100pre
neymarjr;CamilaBraaga
neymarjr;pedroneschling
neymarjr;GabyMusa
neymarjr;MaSteinmaier
neymarjr;GiLancellotti
neymarjr;boozinhaa
neymarjr;dumaluf
neymarjr;fernandopirespc
neymarjr;leilahoficial
neymarjr;Flavinhabrmx
neymarjr;tatsoares
neymarjr;rosefonseca19
neymarjr;LaisTelles_
neymarjr;karinamichelin
neymarjr;juliaboiteux
neymarjr;raafafonso
neymarjr;DayyanMorandi
neymarjr;asbrahmeiras
neymarjr;cristianespina
neymarjr;vi__marizinha
neymarjr;Feco_Oliveira
neymarjr;Geovane92
neymarjr;twitcam
neymarjr;VictorGodoy11
neymarjr;edinhogranja
neymarjr;jacquepessoa
neymarjr;lucienepicasso
neymarjr;myria_musasfc
neymarjr;LuizinhoTierni
neymarjr;nuwance
neymarjr;gaaahribeiro
neymarjr;ands_carvalho
neymarjr;marcoluque
neymarjr;duymi
neymarjr;Crystian_92
neymarjr;luis_fabuloso
neymarjr;Luanapacchiele
neymarjr;Andre_Santos27
neymarjr;MaurineDorneles
neymarjr;renesoares_
neymarjr;Ze_Love
neymarjr;karlinhabalsano
neymarjr;LuizaSharion
neymarjr;pedrolopes91
neymarjr;Leehs2_
neymarjr;barriguiinha
neymarjr;thiagolobopiu
neymarjr;paulo5essencia
neymarjr;ticoelias1
neymarjr;raphaparedao
neymarjr;betinhotalentos
neymarjr;Renan_Paiva
neymarjr;TaciMacedo
neymarjr;tamy___
neymarjr;JoaoPedr07
neymarjr;cosmeoficial
neymarjr;mulequedavi
neymarjr;F_Andersoon
neymarjr;Robertsplayer
neymarjr;Marianabgouvea
neymarjr;Dodopires92
neymarjr;thiiago_lopes
neymarjr;Li_moura
neymarjr;Breitner80
neymarjr;leomoura2
neymarjr;cricabrasil
neymarjr;maahlozano
neymarjr;claudiabertini
neymarjr;MarianaMelllo
neymarjr;cafegeros
neymarjr;babidetter
neymarjr;priscilapiress
neymarjr;TayVergara
neymarjr;caiomorone
neymarjr;NovaIgrejaMusic
neymarjr;Maario_Luiz
neymarjr;kamilemos
neymarjr;AleCatCat
neymarjr;F_estrela
neymarjr;xandedepilares
neymarjr;1brto_santos
neymarjr;GabiPasqualin
neymarjr;Duda_Musa
neymarjr;CesinhaProdutor
neymarjr;renanmoura10
neymarjr;_anandinha
neymarjr;CarolinaGates
neymarjr;jota_pedroso
neymarjr;Mattheus7
neymarjr;levarandas
neymarjr;danpizzo
neymarjr;lito_nuwance
neymarjr;camilastach
neymarjr;lapena
neymarjr;manomenezes
neymarjr;Rhauzinho
neymarjr;conefumacanoar
neymarjr;natachavaz
neymarjr;matydefederico
neymarjr;Thayziitah
neymarjr;juquelotti
neymarjr;isagodinho
neymarjr;PatyTalocchi
neymarjr;jessicaruffo
neymarjr;humbertopaiva_
neymarjr;wagneribeiro_
neymarjr;barbarassantos
neymarjr;LukinhasCrispim
neymarjr;julianasahade
neymarjr;linestarnini
neymarjr;ivanfera
neymarjr;jadeseba
neymarjr;Feee_batista
neymarjr;daaniloluiz
neymarjr;SigaRodriguinho
neymarjr;andremarinho_
neymarjr;kahverhnjak
neymarjr;camiiisvelasco
neymarjr;renatinhag_
neymarjr;AleeCordeiro
neymarjr;vjassis
neymarjr;dentinho
neymarjr;Nicole_rt
neymarjr;JotaC92
neymarjr;natigc
neymarjr;dani_souza_
neymarjr;patpilar
neymarjr;jugracie
neymarjr;jubabyyy
neymarjr;Yanioficiall
neymarjr;GilCebola
neymarjr;JosyQueirozz
neymarjr;Adalberto78
neymarjr;BruAiiso
neymarjr;larydeoliveira
neymarjr;GeorgiaaTavares
neymarjr;danielaxavierr
neymarjr;TiagoLeifert
neymarjr;RomarioOnze
neymarjr;Dbolina
neymarjr;pinhaexalta
neymarjr;lizibenites_
neymarjr;dodopixote
neymarjr;10Ronaldinho
neymarjr;sheronmenezzes
neymarjr;fun140
neymarjr;SabrinaSatoReal
neymarjr;carlinhoshumor
neymarjr;TrioTOPPF
neymarjr;Babicrirossi
neymarjr;JujuSalimeni
neymarjr;LucianoHuck
neymarjr;LucianaGimenez
neymarjr;denilsonshow
neymarjr;GeorgiaMaselli
neymarjr;BrunoAgnello
neymarjr;Rafaella_
neymarjr;nataliaabarros
neymarjr;karooolmachado
neymarjr;maikonleite17
neymarjr;alelabate
neymarjr;CarolCastroReal
neymarjr;Dcarvalho19
neymarjr;joannadeassis
neymarjr;guustavo92
neymarjr;nanabitencourt
neymarjr;lauraribeiro30
neymarjr;thiaguinhocomth
neymarjr;FARIAPERICLES
neymarjr;KAKA
neymarjr;Betao03
