DaniAlvesD2;_MatheusRamos
DaniAlvesD2;SauberF1Team
DaniAlvesD2;redbullracing
DaniAlvesD2;Eliana
DaniAlvesD2;Pepe_elBohio
DaniAlvesD2;JordiCruzMas
DaniAlvesD2;HermanosTorres
DaniAlvesD2;WilliamsRacing
DaniAlvesD2;JoanaSanz9
DaniAlvesD2;LaLiga
DaniAlvesD2;LigaBBVA
DaniAlvesD2;FCBarcelona_cat
DaniAlvesD2;Mugaritz
DaniAlvesD2;JosepPituRoca
DaniAlvesD2;jordirocasan
DaniAlvesD2;CanRocaCeller
DaniAlvesD2;danigarcia_ca
DaniAlvesD2;PacoTorreblanca
DaniAlvesD2;QiqeDacosta
DaniAlvesD2;Dabizdiverxo
DaniAlvesD2;BeatsbyDreBRA
DaniAlvesD2;MiaMello
DaniAlvesD2;ArdaTuran
DaniAlvesD2;raymundosouza
DaniAlvesD2;Cdhp_
DaniAlvesD2;mterstegen1
DaniAlvesD2;e3_barca
DaniAlvesD2;xandedepilares
DaniAlvesD2;MassaFelipe19
DaniAlvesD2;bodegastorres
DaniAlvesD2;MinoriaAB
DaniAlvesD2;AmaiaMontero
DaniAlvesD2;BrunoSoares82
DaniAlvesD2;thomasvermaelen
DaniAlvesD2;sunchannel
DaniAlvesD2;espfantastico
DaniAlvesD2;alquimiafogo
DaniAlvesD2;LaVanguardia
DaniAlvesD2;mhitalia
DaniAlvesD2;FabioPorchat
DaniAlvesD2;marceloadnet0
DaniAlvesD2;pittyleone
DaniAlvesD2;ivanrakitic
DaniAlvesD2;desigual
DaniAlvesD2;MuhammadAli
DaniAlvesD2;FC_DaniAlvesBr
DaniAlvesD2;VEJA
DaniAlvesD2;AlenaShishkova
DaniAlvesD2;benedettaELLE
DaniAlvesD2;FIFAWorldCup
DaniAlvesD2;victor1
DaniAlvesD2;C1audioBravo
DaniAlvesD2;Graffa23
DaniAlvesD2;ufc
DaniAlvesD2;LuisSuarez9
DaniAlvesD2;R13_official
DaniAlvesD2;MagaAfroPop
DaniAlvesD2;profcarlosjulio
DaniAlvesD2;hernanes
DaniAlvesD2;TomCavalcante1
DaniAlvesD2;togedinho
DaniAlvesD2;itsthaidahifans
DaniAlvesD2;aranchaduda
DaniAlvesD2;beltraomaria
DaniAlvesD2;crackoviadeTV3
DaniAlvesD2;Danid2Amo
DaniAlvesD2;mateusolano
DaniAlvesD2;piresgloria
DaniAlvesD2;TiagoAbravanel
DaniAlvesD2;debranascimento
DaniAlvesD2;rafaelzulu
DaniAlvesD2;ramoslazaro
DaniAlvesD2;dedesecco
DaniAlvesD2;gio_antonelli
DaniAlvesD2;fevasconcellos
DaniAlvesD2;bernardipaloma
DaniAlvesD2;rios_mariana
DaniAlvesD2;FlaviaAleReal
DaniAlvesD2;pires_cleo
DaniAlvesD2;leo_fuchs
DaniAlvesD2;MarceloSerrado
DaniAlvesD2;azevedodudu
DaniAlvesD2;brito_the
DaniAlvesD2;Castelli_Henri
DaniAlvesD2;missferraz
DaniAlvesD2;FernandaLimaBah
DaniAlvesD2;portadosfundos
DaniAlvesD2;brunogagliasso
DaniAlvesD2;Buenafuente
DaniAlvesD2;GloboNews
DaniAlvesD2;Tatawerneck
DaniAlvesD2;gil_cachorro
DaniAlvesD2;BarackObama
DaniAlvesD2;_MaluOficial_
DaniAlvesD2;fifacom_es
DaniAlvesD2;jornalnacional
DaniAlvesD2;kobebryant
DaniAlvesD2;melicanel
DaniAlvesD2;MelendiOficial
DaniAlvesD2;tinomarcosreal
DaniAlvesD2;BruMarquezine
DaniAlvesD2;_danielmartin_
DaniAlvesD2;folha
DaniAlvesD2;JornalOGlobo
DaniAlvesD2;g1
DaniAlvesD2;instagram
DaniAlvesD2;dante_bonfim
DaniAlvesD2;FutDados
DaniAlvesD2;JordiAlba
DaniAlvesD2;officialcafu
DaniAlvesD2;marcmarquez93
DaniAlvesD2;ArtseeEyewear
DaniAlvesD2;tadeuoliveira33
DaniAlvesD2;dududu_
DaniAlvesD2;AlexandrePato
DaniAlvesD2;BrunoMars
DaniAlvesD2;CaBertolazzi
DaniAlvesD2;chefgugarocha
DaniAlvesD2;NEGRJOYA
DaniAlvesD2;RafaMarquezMX
DaniAlvesD2;PortalDaniAlves
DaniAlvesD2;caseassessoria
DaniAlvesD2;ferrucciopetri
DaniAlvesD2;tonnyekleber
DaniAlvesD2;EAbidalOfficial
DaniAlvesD2;cleberduran
DaniAlvesD2;bobburnquist
DaniAlvesD2;diogo_nogueira
DaniAlvesD2;GusLedes
DaniAlvesD2;Jonas_Gol
DaniAlvesD2;daltonrangel
DaniAlvesD2;thneves10
DaniAlvesD2;ChampionsLeague
DaniAlvesD2;CristianaMilano
DaniAlvesD2;Dani22alvesfan
DaniAlvesD2;DBA1010
DaniAlvesD2;citriqueheart
DaniAlvesD2;SilviaNistal
DaniAlvesD2;JaisonVieiraa
DaniAlvesD2;Rafaella_
DaniAlvesD2;euandremarques
DaniAlvesD2;djcamilapeixoto
DaniAlvesD2;tgmartins
DaniAlvesD2;dentinho
DaniAlvesD2;oceara
DaniAlvesD2;Falcao12oficial
DaniAlvesD2;xandnax
DaniAlvesD2;SohFaloVerdades
DaniAlvesD2;ChicleteOficial
DaniAlvesD2;lorenzo99
DaniAlvesD2;VictorAndrade07
DaniAlvesD2;RAFAELCABRAL90
DaniAlvesD2;sampaio_carol
DaniAlvesD2;VAREJAOANDERSON
DaniAlvesD2;FARIAPERICLES
DaniAlvesD2;xuxameneghel
DaniAlvesD2;MessiCescAlves
DaniAlvesD2;Billysamprazer
DaniAlvesD2;Oficial_RC3
DaniAlvesD2;naldobenny
DaniAlvesD2;PretaGil
DaniAlvesD2;Alinne_Rosa
DaniAlvesD2;Pele
DaniAlvesD2;filipeluis
DaniAlvesD2;AndreaDuro
DaniAlvesD2;JpAlcantarag
DaniAlvesD2;Minotauromma
DaniAlvesD2;pensamentox
DaniAlvesD2;Duarte04fau
DaniAlvesD2;mannupinho
DaniAlvesD2;Lilian_11
DaniAlvesD2;ecopasalvador
DaniAlvesD2;SpiderAnderson
DaniAlvesD2;JHarden13
DaniAlvesD2;junior_cigano
DaniAlvesD2;popofreitas
DaniAlvesD2;ZacariasErminy
DaniAlvesD2;Guaje7Villa
DaniAlvesD2;CitouDeus
DaniAlvesD2;gagaudieckmann
DaniAlvesD2;Diego11Capel
DaniAlvesD2;MumuzinhoC
DaniAlvesD2;Lhassum
DaniAlvesD2;LetciaPersiles
DaniAlvesD2;omarciusmelhem
DaniAlvesD2;omarcosveras
DaniAlvesD2;IndiaMartinez
DaniAlvesD2;OdirdeSouza
DaniAlvesD2;leizinhotdp
DaniAlvesD2;rafa0017_
DaniAlvesD2;yosoy8a
DaniAlvesD2;13_Pinto
DaniAlvesD2;iomatrix23
DaniAlvesD2;Sarda_Jr
DaniAlvesD2;Mascherano
DaniAlvesD2;PaulaFernandes7
DaniAlvesD2;FanDanialves
DaniAlvesD2;muniesa92
DaniAlvesD2;_Pedro17_
DaniAlvesD2;MarcBartra
DaniAlvesD2;2MONTOYA
DaniAlvesD2;ctello91
DaniAlvesD2;bcbrunocardoso
DaniAlvesD2;JChevanton
DaniAlvesD2;BrunoSGissoni
DaniAlvesD2;AmorRespeitoD2
DaniAlvesD2;pinhaexalta
DaniAlvesD2;DaniAlvesSempre
DaniAlvesD2;CJW3rd
DaniAlvesD2;Joeingles7
DaniAlvesD2;reginacase
DaniAlvesD2;MikaStoitchkov
DaniAlvesD2;CitouOsho
DaniAlvesD2;afernandez70
DaniAlvesD2;dradolfomunoz
DaniAlvesD2;NeymarJrSite
DaniAlvesD2;FePaesLeme
DaniAlvesD2;alvaropm21
DaniAlvesD2;AdrianArana_7
DaniAlvesD2;Huertas09
DaniAlvesD2;DAVIDBRAZIL24
DaniAlvesD2;MD2diz
DaniAlvesD2;JLo
DaniAlvesD2;AtletasdCristo
DaniAlvesD2;DaniAlveslovers
DaniAlvesD2;WithDaniAlves
DaniAlvesD2;Robertsplayer
DaniAlvesD2;idkedavra
DaniAlvesD2;AleixEspargaro
DaniAlvesD2;gubelaciao
DaniAlvesD2;ClubAlvesFans
DaniAlvesD2;CuencaIsaac
DaniAlvesD2;RuglesCantor
DaniAlvesD2;carlinhosbrown
DaniAlvesD2;micheltelo
DaniAlvesD2;Guapayconestilo
DaniAlvesD2;silvioluiz
DaniAlvesD2;SolAlmeidaa
DaniAlvesD2;priscilacoellen
DaniAlvesD2;RubinhoRocha_
DaniAlvesD2;HugoGloss
DaniAlvesD2;danielamercury
DaniAlvesD2;DaniAlvesFc
DaniAlvesD2;_mrSamba
DaniAlvesD2;tara11iker
DaniAlvesD2;AlejandroSanz
DaniAlvesD2;BoKrkic
DaniAlvesD2;patchamusca
DaniAlvesD2;titofull
DaniAlvesD2;marcelochamusca
DaniAlvesD2;willianborges88
DaniAlvesD2;DavidLuiz_4
DaniAlvesD2;DaniAlvesBrasil
DaniAlvesD2;Leia_a_Biblia
DaniAlvesD2;ribasdiego10
DaniAlvesD2;rever_5
DaniAlvesD2;jona2santos
DaniAlvesD2;duducearense
DaniAlvesD2;jauoficial
DaniAlvesD2;cristiribeiro
DaniAlvesD2;TucaFernandes
DaniAlvesD2;FredericKanoute
DaniAlvesD2;AlvesS4
DaniAlvesD2;AlvesMeuRei
DaniAlvesD2;Dedevital
DaniAlvesD2;fernandopirespc
DaniAlvesD2;WithDinorah
DaniAlvesD2;palmeiratgol
DaniAlvesD2;SpecialOlympics
DaniAlvesD2;juparadela
DaniAlvesD2;Redeball
DaniAlvesD2;FelleggerAgency
DaniAlvesD2;marceloguima
DaniAlvesD2;frasescurtas_
DaniAlvesD2;WMakinaciones
DaniAlvesD2;onovojeito
DaniAlvesD2;J_Baptista81
DaniAlvesD2;BMarIeyFrases
DaniAlvesD2;Aleksvoytovich
DaniAlvesD2;DuduProspero
DaniAlvesD2;ChoraoFrases
DaniAlvesD2;cesc4official
DaniAlvesD2;riverakiko
DaniAlvesD2;CantorBelo
DaniAlvesD2;Robinho
DaniAlvesD2;Revelacaoficial
DaniAlvesD2;xanddyharmonia
DaniAlvesD2;gilbertogil
DaniAlvesD2;GabrielBruno
DaniAlvesD2;RealPoderoso
DaniAlvesD2;sorrisomaroto
DaniAlvesD2;sulimar81
DaniAlvesD2;gugakuerten
DaniAlvesD2;RIVALDOOFICIAL
DaniAlvesD2;Catrafrases
DaniAlvesD2;bonspensamentos
DaniAlvesD2;mariagadu
DaniAlvesD2;OLeoSantana
DaniAlvesD2;janilsondasilva
DaniAlvesD2;MotoGP
DaniAlvesD2;F1
DaniAlvesD2;phganso
DaniAlvesD2;FCBarcelona_es
DaniAlvesD2;ticoelias1
DaniAlvesD2;fredgol9
DaniAlvesD2;mundodeportivo
DaniAlvesD2;sport
DaniAlvesD2;augustocury
DaniAlvesD2;SevillaFC
DaniAlvesD2;jadson10_
DaniAlvesD2;fernandinho
DaniAlvesD2;LeandroDamiaoo
DaniAlvesD2;GabiElohim
DaniAlvesD2;sigaBahia
DaniAlvesD2;ecbahia
DaniAlvesD2;globoesporteSP
DaniAlvesD2;Caiobaribeiro
DaniAlvesD2;showdavida
DaniAlvesD2;paulocoelho
DaniAlvesD2;RedeGlobo
DaniAlvesD2;CBF_Futebol
DaniAlvesD2;globoesportecom
DaniAlvesD2;Rafagaucho
DaniAlvesD2;GilbertoSilva15
DaniAlvesD2;ivetesangalo
DaniAlvesD2;ClaudiaLeitte
DaniAlvesD2;10Ronaldinho
DaniAlvesD2;thiaguinhocomth
DaniAlvesD2;KAKA
DaniAlvesD2;denilsonshow
DaniAlvesD2;LucianoHuck
DaniAlvesD2;Andre_Santos27
DaniAlvesD2;elano_blumer
DaniAlvesD2;_alexandrepires
DaniAlvesD2;victor_rios
DaniAlvesD2;rafaribeirorio
DaniAlvesD2;LucasLeiva87
DaniAlvesD2;sandroraniere
DaniAlvesD2;oserginho
DaniAlvesD2;Rafinha
DaniAlvesD2;SergiRoberto10
DaniAlvesD2;AFontas3
DaniAlvesD2;andresiniesta8
DaniAlvesD2;3gerardpique
DaniAlvesD2;JeffrenSuarezB
DaniAlvesD2;1victorvaldes
DaniAlvesD2;Carles5puyol
DaniAlvesD2;JuanjoBrau
DaniAlvesD2;luis_fabuloso
DaniAlvesD2;Renato_11
DaniAlvesD2;FCBarcelona
DaniAlvesD2;Bibliaenlinea
DaniAlvesD2;Thiago6
DaniAlvesD2;neymarjr
DaniAlvesD2;LucasMoura7
DaniAlvesD2;JuanMa_Castillo
DaniAlvesD2;AdrianoCorreia6
DaniAlvesD2;ClaroBrasil
