ivanrakitic,BenWSMiller
ivanrakitic,adidas_ES
ivanrakitic,SpiritandCor
ivanrakitic,AbsoluteBespoke
ivanrakitic,s04
ivanrakitic,MercedesArcas
ivanrakitic,SevilladeFiesta
ivanrakitic,nicopareja21
ivanrakitic,ApoyoRAKITIC4
ivanrakitic,mterstegen1
ivanrakitic,madurohedwiges
ivanrakitic,Manuel_Neuer
ivanrakitic,adidasfootball
ivanrakitic,adidas
ivanrakitic,SkillTwins
ivanrakitic,Bernardo_EZ
ivanrakitic,FC_Basel
ivanrakitic,JRMORALES_SFC
ivanrakitic,thomasvermaelen
ivanrakitic,Munirhaddadi
ivanrakitic,TeamMessi
ivanrakitic,Geo_Kondogbia
ivanrakitic,SubasicDanijel
ivanrakitic,mladen_petric
ivanrakitic,AlvaroNegredo_7
ivanrakitic,JordiAlba
ivanrakitic,F1
ivanrakitic,cilic_marin
ivanrakitic,NKARABATIC
ivanrakitic,rogerfederer
ivanrakitic,chicagobulls
ivanrakitic,_Pedro17_
ivanrakitic,FCBarcelona
ivanrakitic,JuanCala_6
ivanrakitic,JoseReyes_19
ivanrakitic,FredericKanoute
ivanrakitic,Palop1
ivanrakitic,FNavarro_3
ivanrakitic,StephaneMbia
ivanrakitic,LiveClippers
ivanrakitic,LaLiga
ivanrakitic,C1audioBravo
ivanrakitic,2MONTOYA
ivanrakitic,Mascherano
ivanrakitic,AdrianoCorreia6
ivanrakitic,MarcBartra
ivanrakitic,lfc18alberto
ivanrakitic,SergiRoberto10
ivanrakitic,Rafinha
ivanrakitic,MarioMandzukic9
ivanrakitic,DejanLovrenLFC6
ivanrakitic,HNS_CFF
ivanrakitic,andresiniesta8
ivanrakitic,3gerardpique
ivanrakitic,LuisSuarez9
ivanrakitic,DaniAlvesD2
ivanrakitic,SevillaFC
ivanrakitic,neymarjr
ivanrakitic,rakelmauri
