JordiAlba;SilviaFominaya1
JordiAlba;lorenzo99
JordiAlba;Karen__Manzano
JordiAlba;jaumejosafenes
JordiAlba;_JesusVazquez_
JordiAlba;jpsorin6
JordiAlba;canelitareal
JordiAlba;PBjordialbaZF
JordiAlba;DaniMateoAgain
JordiAlba;eldinhadzic11
JordiAlba;liannesanderson
JordiAlba;S_Pinto_80
JordiAlba;sbtribano
JordiAlba;AlvaroMorata
JordiAlba;JuanBernat
JordiAlba;pepe_mel
JordiAlba;Iagodiaz7
JordiAlba;saraymaoficial
JordiAlba;ivanrakitic
JordiAlba;oscar7cr
JordiAlba;NoeliaGitanos
JordiAlba;anitacobos
JordiAlba;GitanosOLE_CyN
JordiAlba;Nacho_Mar
JordiAlba;losada_vicky
JordiAlba;Corredera7
JordiAlba;Toni_barragan19
JordiAlba;AyozePG
JordiAlba;alexiaps94
JordiAlba;AdriSanMiguel
JordiAlba;dnavarro_4
JordiAlba;CsiErika
JordiAlba;marbelysoficial
JordiAlba;PastorcilloDv
JordiAlba;adrianmartinveg
JordiAlba;mariamartin_L
JordiAlba;trececasas
JordiAlba;Rodrigo_M
JordiAlba;sarah_slmm
JordiAlba;iliesanchez
JordiAlba;guille_sara
JordiAlba;Alex_martinez6
JordiAlba;Joan_Roman7
JordiAlba;SergiSamper
JordiAlba;GaiAsulin
JordiAlba;moraga20
JordiAlba;JuanCala_6
JordiAlba;FatimaPtacek
JordiAlba;gomez_sergi
JordiAlba;filipeluis
JordiAlba;grimaldo35
JordiAlba;jordiquintilla
JordiAlba;nnovo1010
JordiAlba;edubedia
JordiAlba;alexmarquez73
JordiAlba;Jesanchez3
JordiAlba;charlydetalpalo
JordiAlba;EniAlu
JordiAlba;SergioAsenjo1
JordiAlba;louissaha08
JordiAlba;C1audioBravo
JordiAlba;sandroramirez9
JordiAlba;martatorne
JordiAlba;LuisSuarez9
JordiAlba;Dama_Abad
JordiAlba;FaustoTienza
JordiAlba;DenisSuarez36
JordiAlba;10Piti
JordiAlba;hdnegro
JordiAlba;_kathy_87
JordiAlba;thomasvermaelen
JordiAlba;JNavas
JordiAlba;desichely
JordiAlba;MariaChFrdz
JordiAlba;RAFAMORATETE
JordiAlba;CokeVoces
JordiAlba;LUISENRIQUE21
JordiAlba;s_lillo12
JordiAlba;verdejo_alex
JordiAlba;riverakiko
JordiAlba;Alexis_Sanchez
JordiAlba;PatriciaDS88
JordiAlba;AnaGCaldas
JordiAlba;MilenaMartinn
JordiAlba;o_fer21
JordiAlba;manutenorio
JordiAlba;kikoookiko
JordiAlba;montanes_albert
JordiAlba;HospitalenseAtc
JordiAlba;JARfans18
JordiAlba;alba07858440
JordiAlba;Balita18Forever
JordiAlba;ue_cornella
JordiAlba;HotLilloaspe
JordiAlba;PatyNews
JordiAlba;lauraemsg
JordiAlba;feliciano_lopez
JordiAlba;UnaiEmery_
JordiAlba;PabloMotosBlog
JordiAlba;jordievole
JordiAlba;NadalMiki
JordiAlba;tonimoog
JordiAlba;loschunguitos
JordiAlba;AnnaSimonMari
JordiAlba;13segovia13
JordiAlba;Carmigr21
JordiAlba;cancorodriguez
JordiAlba;alexandra_ma21
JordiAlba;TheBabyFlower
JordiAlba;morenaa_morenaa
JordiAlba;ChaconLista
JordiAlba;nuriamarinlh
JordiAlba;PedroGarayB
JordiAlba;Radiole_oficial
JordiAlba;EscolaBalaguer
JordiAlba;JorgePecourt
JordiAlba;rgbarquitectos
JordiAlba;calcazar
JordiAlba;Marta_Aguera
JordiAlba;jordii_alba18
JordiAlba;JordiAlbaHospi
JordiAlba;_elSuso
JordiAlba;LosRebujitos
JordiAlba;lya_Musica
JordiAlba;MAKARINES_S_L
JordiAlba;henrymendez_
JordiAlba;LeoHarlem
JordiAlba;jessicaalba
JordiAlba;kobebryant
JordiAlba;DiegoMartinOfic
JordiAlba;alo_oficial
JordiAlba;Michuoviedo
JordiAlba;J_Baptista81
JordiAlba;Persie_Official
JordiAlba;marcmarquez93
JordiAlba;setoo9
JordiAlba;ElisabethReyes_
JordiAlba;radiomacande
JordiAlba;S_Sanchez_21
JordiAlba;npastorioficial
JordiAlba;DURANOmusica
JordiAlba;DavidBLaVoz
JordiAlba;elketito
JordiAlba;arrebatooficial
JordiAlba;El_Hormiguero
JordiAlba;ursulolita
JordiAlba;pgaguado
JordiAlba;Berto_Romero
JordiAlba;ristomejide
JordiAlba;rosarioficial
JordiAlba;davidbisbal
JordiAlba;DioniMartin
JordiAlba;_MaluOficial_
JordiAlba;El_Flamencovida
JordiAlba;pabloalboran
JordiAlba;manuelcarrasco_
JordiAlba;javigarcia06
JordiAlba;Adominguez15
JordiAlba;IndiaMartinez
JordiAlba;_AndyyLucas_
JordiAlba;WayneRooney
JordiAlba;Oficial_RC3
JordiAlba;fertejerom
JordiAlba;LaLiga
JordiAlba;aguerosergiokun
JordiAlba;10Ronaldinho
JordiAlba;Pitingo
JordiAlba;nolasco_oficial
JordiAlba;RIVALDOOFICIAL
JordiAlba;TopDisneyTwits
JordiAlba;JordiAlba_info
JordiAlba;TrianaCarmona
JordiAlba;AndreuGramage
JordiAlba;HibaAbouk
JordiAlba;santicanizares
JordiAlba;DANIROVIRA
JordiAlba;C_Castillejo
JordiAlba;JaviLopez16
JordiAlba;Chori1708
JordiAlba;VictorTomas8
JordiAlba;fcbarcelona_br
JordiAlba;CesarAzpi
JordiAlba;ElPrincipe_tv
JordiAlba;26_DaniPedrosa
JordiAlba;lfc18alberto
JordiAlba;aaronboria7
JordiAlba;DavidLomban
JordiAlba;woodyinho
JordiAlba;RUBENPEREZ_4
JordiAlba;edusotomoreno
JordiAlba;18JAlbaFans
JordiAlba;Carlos_Latre
JordiAlba;madurohedwiges
JordiAlba;instagram
JordiAlba;Codina13
JordiAlba;dalbelda
JordiAlba;adrian7oficial
JordiAlba;FNavarro_3
JordiAlba;AlvaroVazquez91
JordiAlba;Diego11Capel
JordiAlba;MarioSuarez4
JordiAlba;Buenafuente
JordiAlba;LosMorancos
JordiAlba;CasillasWorld
JordiAlba;estopaoficial
JordiAlba;campusjordialba
JordiAlba;isco_alarcon
JordiAlba;patric_6
JordiAlba;M_A_Moya
JordiAlba;AnderHerrera
JordiAlba;joseangel3cote
JordiAlba;D_DeGea
JordiAlba;DaniParejo
JordiAlba;JoseMotatv
JordiAlba;IkerMuniain19
JordiAlba;rfef
JordiAlba;SergioCanales
JordiAlba;p_piatti
JordiAlba;tinocostalf
JordiAlba;paco_alcacer
JordiAlba;_ProFutbol
JordiAlba;Ever10Banega
JordiAlba;AFontas3
JordiAlba;SSantiagosegura
JordiAlba;JuanjoBrau
JordiAlba;Juanfrantorres
JordiAlba;SergioRamos
JordiAlba;R_Albiol
JordiAlba;Torres
JordiAlba;BoKrkic
JordiAlba;AdrianoCorreia6
JordiAlba;capde11
JordiAlba;juanmata8
JordiAlba;Javi8martinez
JordiAlba;Serginog
JordiAlba;21LVA
JordiAlba;CuencaIsaac
JordiAlba;llorentefer19
JordiAlba;EAbidalOfficial
JordiAlba;josecorbacho
JordiAlba;PReina25
JordiAlba;jona2santos
JordiAlba;paugasol
JordiAlba;davidalba_09
JordiAlba;14_luisalberto
JordiAlba;danimartinezweb
JordiAlba;RafaelNadal
JordiAlba;2MONTOYA
JordiAlba;adidas_ES
JordiAlba;muniesa92
JordiAlba;MarcGasol
JordiAlba;antoniorozco
JordiAlba;gerardeulofeu
JordiAlba;ChampionsLeague
JordiAlba;AlvaroNegredo_7
JordiAlba;fifacom_es
JordiAlba;Koke6
JordiAlba;19SCazorla
JordiAlba;R9Soldado
JordiAlba;Rafinha
JordiAlba;TwitterSports
JordiAlba;adidasfootball
JordiAlba;13_Pinto
JordiAlba;Guaje7Villa
JordiAlba;Mascherano
JordiAlba;DaniAlvesD2
JordiAlba;Thiago6
JordiAlba;LigaBBVA
JordiAlba;neymarjr
JordiAlba;andresiniesta8
JordiAlba;FCBarcelona_cat
JordiAlba;FCBarcelona_es
JordiAlba;3gerardpique
JordiAlba;1victorvaldes
JordiAlba;SergiRoberto10
JordiAlba;MarcBartra
JordiAlba;_Pedro17_
JordiAlba;ctello91
JordiAlba;cesc4official
JordiAlba;Carles5puyol
JordiAlba;SeFutbol
JordiAlba;FCBarcelona
