luissuarez9;fpscremini
luissuarez9;adidas_ES
luissuarez9;HawkersCo
luissuarez9;SergiRoberto10
luissuarez9;neymarjr
luissuarez9;JordiAlba
luissuarez9;MarcBartra
luissuarez9;3gerardpique
luissuarez9;Mascherano
luissuarez9;DaniAlvesD2
luissuarez9;patosanz_20
luissuarez9;jona2118
luissuarez9;AbitabOficial
luissuarez9;FCBarcelona_es
luissuarez9;aspas10
luissuarez9;14_luisalberto
luissuarez9;Phil_Coutinho
luissuarez9;psuarez80
luissuarez9;DanielAgger
luissuarez9;nurisahin05
luissuarez9;ricky_martin
luissuarez9;rusoperez15
luissuarez9;AldoCauteruccio
luissuarez9;GarganoOfficial
luissuarez9;ECavaniOfficial
luissuarez9;MR11ok
luissuarez9;GabyTedesco
luissuarez9;LucasLeiva87
luissuarez9;glen_johnson
luissuarez9;LFC
luissuarez9;DiegoForlan7
luissuarez9;andresiniesta8
luissuarez9;AFCAjax
