Mascherano;CampusATFA
Mascherano;gianluigibuffon
Mascherano;carlitos3210
Mascherano;GraciesPep0812
Mascherano;Juliolamas1
Mascherano;JJWatt
Mascherano;PatonGuzman
Mascherano;vazqueznico
Mascherano;FTA_Tour
Mascherano;SoyElChapu
Mascherano;cabezadelfino
Mascherano;TipGol
Mascherano;HERNANDEZJUANI
Mascherano;NaniCorleto
Mascherano;Fercaveoficial
Mascherano;DjokerNole
Mascherano;LUISENRIQUE21
Mascherano;mauroboselli
Mascherano;aamurua
Mascherano;Javi_Pastore
Mascherano;Notamendi30
Mascherano;TodaPasion
Mascherano;Garay_24
Mascherano;AlRinconA3
Mascherano;sabatinigabyok
Mascherano;afefutbol
Mascherano;Buenafuente
Mascherano;MannyPacquiaoTR
Mascherano;FloydMayweather
Mascherano;ESPN_FDJ
Mascherano;infra_sam
Mascherano;PPrigioni9
Mascherano;ivanrakitic
Mascherano;signoriniok
Mascherano;marccrosas
Mascherano;twitter
Mascherano;askomartin
Mascherano;benjavicunamori
Mascherano;Panchovarona
Mascherano;LuisSuarez9
Mascherano;minutounocom
Mascherano;TodoGuardiola
Mascherano;PenguinArg
Mascherano;elogro23
Mascherano;BombitaDarin
Mascherano;ntvgoficial
Mascherano;MLS
Mascherano;valorsoja
Mascherano;diazdecampo
Mascherano;LNcampo
Mascherano;elrural
Mascherano;agrositio
Mascherano;DonBisca
Mascherano;DiegoBalado
Mascherano;elEconomistaes
Mascherano;DolarBlue
Mascherano;obricio7
Mascherano;HeinzeGabi
Mascherano;9ReinasRte
Mascherano;HambreCero
Mascherano;marcosrojo5
Mascherano;JuanPaGalavis
Mascherano;FALCAO
Mascherano;G_Higuain
Mascherano;Argentina
Mascherano;m_benedetto
Mascherano;rialjorge
Mascherano;Simeone
Mascherano;HumoDePrimeraTW
Mascherano;GaryLineker
Mascherano;UNICEFargentina
Mascherano;DaniWa
Mascherano;HugoColace
Mascherano;antoniorozco
Mascherano;TonyBarretTimes
Mascherano;martinparlato
Mascherano;MarcGasol
Mascherano;Esepinchewey
Mascherano;clacanna
Mascherano;cuervotinelli
Mascherano;ParadigmaPep
Mascherano;zabala7
Mascherano;EAbidalOfficial
Mascherano;lioscaloni
Mascherano;FBaresi
Mascherano;ChavoFuchs
Mascherano;RodolfoDonofrio
Mascherano;eduardosacheri
Mascherano;terrecejas
Mascherano;sebadominguez6
Mascherano;ADaimiel
Mascherano;paugasol
Mascherano;SalvaDiStefano
Mascherano;JordiAlba
Mascherano;infobae
Mascherano;Torres
Mascherano;Pontifex_es
Mascherano;FinallyMario
Mascherano;CachitoVigil
Mascherano;LuMartinBCN
Mascherano;Toni_Padilla
Mascherano;willy_sagnol
Mascherano;LuisOmarTapia
Mascherano;FCBarcelona_es
Mascherano;Serginog
Mascherano;nikefutbol_ar
Mascherano;neymarjr
Mascherano;DiegoSuarez03
Mascherano;maritozanabria
Mascherano;matiasmanna
Mascherano;Guardiolato
Mascherano;ristomejide
Mascherano;marcmarquez93
Mascherano;vh590
Mascherano;MGallardoficial
Mascherano;guillecoria
Mascherano;lucasbernardi7
Mascherano;enriquesacco
Mascherano;leopillud
Mascherano;Javier_Alarcon_
Mascherano;rickyzinzan
Mascherano;arevalo_martin
Mascherano;_SuperGarcia_
Mascherano;2010MisterChip
Mascherano;PReina25
Mascherano;wolffquique
Mascherano;fcostanzo17
Mascherano;_MatiasMessi
Mascherano;adevaldes
Mascherano;locosxbielsa
Mascherano;gonbonadeo1963
Mascherano;perfilcom
Mascherano;MascheranoClub
Mascherano;CholeAvalos
Mascherano;rogerfederer
Mascherano;Thiago6
Mascherano;LucasLeiva87
Mascherano;kobebryant
Mascherano;martinposse7
Mascherano;JuanIChela
Mascherano;Posibldreams
Mascherano;MartinSouto
Mascherano;FutbolRuso
Mascherano;picomonaco
Mascherano;MR11ok
Mascherano;pablo_zabaleta
Mascherano;nalbandiandavid
Mascherano;RafaelNadal
Mascherano;KingJames
Mascherano;BoKrkic
Mascherano;dflatorre
Mascherano;matiasmartin
Mascherano;rafabenitezweb
Mascherano;TuitsCopados
Mascherano;Palomo_ESPN
Mascherano;WayneRooney
Mascherano;YossiBenayoun15
Mascherano;MichaelPhelps
Mascherano;VarskySports
Mascherano;NavarroMontoya
Mascherano;fernandogagome
Mascherano;GuillemBalague
Mascherano;pityalvarezok
Mascherano;manuginobili
Mascherano;marcelogantman
Mascherano;13_Pinto
Mascherano;RobinSharma
Mascherano;Tamer_walter
Mascherano;JPVarsky
Mascherano;titozanella10
Mascherano;fvitaleazul
Mascherano;Rorrocarballo
Mascherano;Guaje7Villa
Mascherano;aguerosergiokun
Mascherano;PochoLavezzi
Mascherano;Carles5puyol
Mascherano;DaniAlvesD2
Mascherano;_Pedro17_
Mascherano;cesc4official
Mascherano;3gerardpique
Mascherano;1victorvaldes
Mascherano;andresiniesta8
Mascherano;JuanjoBrau
Mascherano;DiegoChazan
Mascherano;germanpaoloski
