mterstegen1,ArianaGrande
mterstegen1,edsheeran
mterstegen1,RitaOra
mterstegen1,heidiklum
mterstegen1,Thiago6
mterstegen1,ArdaTuran
mterstegen1,YannSommer1
mterstegen1,tonyjantschke
mterstegen1,sandroramirez9
mterstegen1,MoLeitner
mterstegen1,AdrianoCorreia6
mterstegen1,Rafinha
mterstegen1,Mascherano
mterstegen1,LuisSuarez9
mterstegen1,thomasvermaelen
mterstegen1,woodyinho
mterstegen1,Schmelle29
mterstegen1,KeVolland
mterstegen1,matshummels
mterstegen1,BSchweinsteiger
mterstegen1,MarioGoetze
mterstegen1,_Pedro17_
mterstegen1,ivanrakitic
mterstegen1,MarcBartra
mterstegen1,andresiniesta8
mterstegen1,neymarjr
mterstegen1,3gerardpique
mterstegen1,DaniAlvesD2
mterstegen1,JordiAlba
mterstegen1,SergiRoberto10
mterstegen1,adidas
mterstegen1,borussia
mterstegen1,FCBarcelona
