neymarjr;officialpes
neymarjr;nadineinjr
neymarjr;Jumpman23
neymarjr;melfronckowiak
neymarjr;robbowxm
neymarjr;PokerStars
neymarjr;FelipeMojave
neymarjr;juanferquinte10
neymarjr;AlejandroSanz
neymarjr;Rio2016
neymarjr;nathroccha
neymarjr;jorgeazul_uch
neymarjr;Alexis_Sanchez
neymarjr;ivanrakitic
neymarjr;josemaciapepe
neymarjr;GreenValleyBr
neymarjr;CA2015
neymarjr;Nike
neymarjr;TwitterMediaBR
neymarjr;ma_werneck
neymarjr;erickschonfeld
neymarjr;pauloconsentino
neymarjr;NJRBARB
neymarjr;unicefbrasil
neymarjr;juan5jesus
neymarjr;EllevenWear
neymarjr;rai10oficial
neymarjr;ayeeleporati
neymarjr;gabriel1medina
neymarjr;Arthurzinho98
neymarjr;vine
neymarjr;Carles5puyol
neymarjr;Thiago6
neymarjr;_Pedro17_
neymarjr;aakkari
neymarjr;Ronaldo
neymarjr;angelcandice
neymarjr;AdrianaLima
neymarjr;Podolski10
neymarjr;BSchweinsteiger
neymarjr;MarioGoetze
neymarjr;esmuellert_
neymarjr;Manuel_Neuer
neymarjr;LuisSuarez9
neymarjr;R13_official
neymarjr;dante_bonfim
neymarjr;Capita70
neymarjr;Benja97
neymarjr;junior_cigano
neymarjr;josealdojunior
neymarjr;Minotouromma
neymarjr;RicaPerrone
neymarjr;RealKajuru
neymarjr;BlogdoJuca
neymarjr;pvcefox
neymarjr;andrizek
neymarjr;AlexEscobar_
neymarjr;oscar8
neymarjr;paulinhop8
neymarjr;rihanna
neymarjr;demianmaia
neymarjr;Clijsterskim
neymarjr;neymarpaireal
neymarjr;Brasil2016
neymarjr;shakira
neymarjr;amandarrc
neymarjr;NiallOfficial
neymarjr;kobebryant
neymarjr;nelsonexplica
neymarjr;AntonioDiazbcn
neymarjr;BernardParker
neymarjr;fifaworldcup_pt
neymarjr;FIFAWorldCup
neymarjr;Castrol
neymarjr;FCBarcelona_es
neymarjr;cesc4official
neymarjr;Gabi_MtsOFICIAL
neymarjr;JordiAlba
neymarjr;pedroscooby
neymarjr;dilmabr
neymarjr;officialcafu
neymarjr;ctello91
neymarjr;UnileverBrasil
neymarjr;NBA
neymarjr;MarcBartra
neymarjr;1victorvaldes
neymarjr;Mascherano
neymarjr;BeatsbyDreBRA
neymarjr;3gerardpique
neymarjr;mentosbrasil
neymarjr;13_Pinto
neymarjr;Cristiano
neymarjr;Guaje7Villa
neymarjr;andresiniesta8
neymarjr;InstitutoNJr
neymarjr;fcbarcelona_br
neymarjr;bernardooficial
neymarjr;FCBarcelona
neymarjr;xanndy_oficial
neymarjr;wavesforwater
neymarjr;FinallyMario
neymarjr;LGustavo_22
neymarjr;SignoTop
neymarjr;EuqueseiReal
neymarjr;thomasjoficial
neymarjr;candantas
neymarjr;Giba7Oficial
neymarjr;AlexandrePato
neymarjr;Montil10
neymarjr;BenassiCris
neymarjr;KBoficial
neymarjr;rioferdy5
neymarjr;negro_dos
neymarjr;Leonardo_Levi
neymarjr;bearanha01
neymarjr;xicosa
neymarjr;tgmartins
neymarjr;Hernanbarcos
neymarjr;LojaNeymar
neymarjr;NeymarJrSite
neymarjr;Brucili4
neymarjr;CarroMesmo
neymarjr;ClaroBrasil
neymarjr;guarana
neymarjr;LupoOficial
neymarjr;tenyspebaruel
neymarjr;nikefutebol
neymarjr;CBF_Futebol
neymarjr;SantosFC
neymarjr;RedBullBR
neymarjr;PalpiterosBR
neymarjr;Alinne_Rosa
neymarjr;LuizMorart
neymarjr;ClaudiaReisTV
neymarjr;CrisPitta91
neymarjr;junazarini
neymarjr;tiagoluis89
neymarjr;NikeRio
neymarjr;CarolMaccedo
neymarjr;claudinhamelorj
neymarjr;robertaappratti
neymarjr;JuliaFriedmann
neymarjr;gubelaciao
neymarjr;PhilipeVidal1
neymarjr;douglascosta
neymarjr;MsJoSmith
neymarjr;RodriguezPatoOk
neymarjr;alexmorgan13
neymarjr;timebrasil
neymarjr;thiagopereira
neymarjr;SarahGabryelle
neymarjr;aprisol
neymarjr;naldobenny
neymarjr;wsilva11
neymarjr;zeloreto
neymarjr;Kakabielawski
neymarjr;eikebatista
neymarjr;Pele
neymarjr;ACeciliaCunha
neymarjr;renatadavilah
neymarjr;rodrigo_gallo
neymarjr;MoniqueAmin
neymarjr;Camargo_Monique
neymarjr;LORENABUERI
neymarjr;Ronny_91
neymarjr;andressagarciap
neymarjr;ThomasMedici
neymarjr;marcela_ands
neymarjr;Carladiaz_
neymarjr;Srta_Iozzi
neymarjr;micheltelo
neymarjr;ReMolinaro
neymarjr;CBelliOficial
neymarjr;euFabiTeixeira
neymarjr;ellen_jabour
neymarjr;fellipe_camargo
neymarjr;paue
neymarjr;fildzz
neymarjr;pensadorgabriel
neymarjr;robertagabardo
neymarjr;FredinhoRincon
neymarjr;Gominho
neymarjr;celsoportiolli
neymarjr;IsabellarRusso
neymarjr;brunaabad
neymarjr;mayracardi
neymarjr;alecarol
neymarjr;Falcao12oficial
neymarjr;fabiomaradei
neymarjr;danielerthal
neymarjr;jaquelinevolei
neymarjr;andressa_suita
neymarjr;getominaga
neymarjr;SalvadorCaps
neymarjr;Adan_JC
neymarjr;mlkdancante
neymarjr;VictorAndrade07
neymarjr;jectorres
neymarjr;djcamilapeixoto
neymarjr;Minotauromma
neymarjr;RAFAELCABRAL90
neymarjr;Daaaystos
neymarjr;Ra__Saldanha
neymarjr;FFerrari_01
neymarjr;rafaelasenador
neymarjr;CesarMenotti
neymarjr;fabianomenotti
neymarjr;DavidLuiz_4
neymarjr;rapha_eduardo
neymarjr;Sinceridades
neymarjr;amandafrancozo
neymarjr;vilhenap
neymarjr;mverdelhomv
neymarjr;malheirosflavia
neymarjr;marianasampaioo
neymarjr;marcosaudiomix
neymarjr;LiviaLemosP
neymarjr;Dimba07
neymarjr;GalisteuOficial
neymarjr;simonisampaio
neymarjr;jrsaldanha93
neymarjr;Fefe_Oficial
neymarjr;Phenriquee3
neymarjr;ANGELIS_
neymarjr;craquedoamanha
neymarjr;mary_antonelli
neymarjr;Leeobmw
neymarjr;marcosmion
neymarjr;tata_estaniecki
neymarjr;emersonpalmieri
neymarjr;BastosMarianne
neymarjr;feoficial17
neymarjr;Oficial_RC3
neymarjr;Fabriciogms
neymarjr;carolklein8
neymarjr;MumuzinhoC
neymarjr;mariliaboaretto
neymarjr;FeAlmeidaReal
neymarjr;giimunhoz
neymarjr;kaduparga
neymarjr;rafaelquadros_
neymarjr;Ale_Santana07
neymarjr;carol
neymarjr;moalfradique
neymarjr;edu
neymarjr;Support
neymarjr;daniscatolin
neymarjr;flavinhaclucas
neymarjr;ribasdiego10
neymarjr;Julianatps
neymarjr;sampaio_carol
neymarjr;Dedevital
neymarjr;atequinta
neymarjr;renatasann
neymarjr;9rivaldinho
neymarjr;JuJuCamargo1
neymarjr;kacamposmello
neymarjr;fernandinho
neymarjr;flafragoso
neymarjr;Thascya
neymarjr;bananinhadany
neymarjr;sophiaabrahao
neymarjr;morartimoveis
neymarjr;marcellomelojr
neymarjr;bia_lage
neymarjr;juoristanio
neymarjr;KarenKounrouzan
neymarjr;JanainaSpaz
neymarjr;leao_gustavo
neymarjr;andeerson92
neymarjr;gabigol
neymarjr;leandrosilva02
neymarjr;amandaroyal10
neymarjr;brunogagliasso
neymarjr;CAPRICHO
neymarjr;gewbank
neymarjr;FerRod
neymarjr;milenatoscano
neymarjr;alice_correa
neymarjr;mariruybarbosa
neymarjr;alankardec14
neymarjr;Caramelotdp
neymarjr;Rubinhoturma
neymarjr;MarcelinhoTDP
neymarjr;leizinhotdp
neymarjr;andressaguiii
neymarjr;laisfr
neymarjr;jadson10_
neymarjr;alexbernardo_
neymarjr;mari_silvestre
neymarjr;Robinho
neymarjr;Phil_Coutinho
neymarjr;fontenellegaby
neymarjr;renatafreitastv
neymarjr;edmundosouza7
neymarjr;thathymelllo
neymarjr;Alexandraouro
neymarjr;adryantavares
neymarjr;joaofolsta
neymarjr;Erikac_09
neymarjr;TataFersoza
neymarjr;HelenCriss
neymarjr;ivetesangalo
neymarjr;_vitinho96_
neymarjr;Sjr_90
neymarjr;samaracosta00
neymarjr;LuaraMC
neymarjr;PaulaFernandes7
neymarjr;larydeoliveira_
neymarjr;lynhoshow
neymarjr;juniormadalena
neymarjr;NubiaOliiver
neymarjr;priscilacoellen
neymarjr;diascarol
neymarjr;crysgabiatti
neymarjr;phganso
neymarjr;De_Salles05
neymarjr;Jamile_Moreira
neymarjr;9inewpp
neymarjr;marianechilo
neymarjr;AdrianoCorreia6
neymarjr;MauroNaves25
neymarjr;ValescaOficial
neymarjr;LeandroDamiaoo
neymarjr;fredgol9
neymarjr;luiztaveira44
neymarjr;dessarribeiro
neymarjr;rodrigocabral01
neymarjr;MalluNavarro_
neymarjr;Catrafrases
neymarjr;cacau_colucci
neymarjr;DaniAlvesD2
neymarjr;rodrigo_globo
neymarjr;juju_goba
neymarjr;Flaviacunha01
neymarjr;neryshow11
neymarjr;marcionoschese
neymarjr;lclilica
neymarjr;_BigBlack
neymarjr;boliveirakari
neymarjr;_noellegonzaga
neymarjr;Marqessi
neymarjr;natizilio
neymarjr;oserginho
neymarjr;ivan_more
neymarjr;femicali
neymarjr;taisonfreda7
neymarjr;CoelhoArnaldoC
neymarjr;MarceloTMarques
neymarjr;brusantanareal
neymarjr;luansantana
neymarjr;anna_rytta
neymarjr;lepaesleme
neymarjr;LumaVidal
neymarjr;lmaniezo
neymarjr;_GuiBonesso
neymarjr;diegolagos
neymarjr;_isasevero
neymarjr;Caiobaribeiro
neymarjr;CantorBelo
neymarjr;CarolOliveira94
neymarjr;letticiagoiis
neymarjr;andreolifelipe
neymarjr;cqc
neymarjr;EdsonCholbi
neymarjr;evelynjust
neymarjr;tadeu_09
neymarjr;bernardipaloma
neymarjr;Rogerinho_penie
neymarjr;nmoura10
neymarjr;TainanOficial02
neymarjr;andreerotico
neymarjr;AlanPatrick91
neymarjr;jcelsomoraes
neymarjr;tina_spier
neymarjr;iaiaoliveira
neymarjr;ademirquintino
neymarjr;MarianaRio
neymarjr;xuxameneghel
neymarjr;Fernanda_Gentil
neymarjr;Magrellobah
neymarjr;tikinho_campos
neymarjr;TaniaRammos
neymarjr;VINICIUSFTV
neymarjr;giovannacostig
neymarjr;Marcio_Iannacca
neymarjr;Sra_JuliaBueno
neymarjr;isabelaheusi
neymarjr;ClaudiaLeitte
neymarjr;FlavinhaViana
neymarjr;F7_91
neymarjr;danicarvalhooo
neymarjr;MariaPinna
neymarjr;BrunoSGissoni
neymarjr;CarolAnacleeto
neymarjr;ste_marques_
neymarjr;zezinho_90
neymarjr;diogooluis
neymarjr;santanaadriana
neymarjr;MayanaMRNeiva
neymarjr;BiaeBrancaFeres
neymarjr;masenedesi
neymarjr;NiveaStelmann
neymarjr;rodolfocorreia
neymarjr;bandfmsemsono
neymarjr;RealAnamara
neymarjr;cahbuoroo
neymarjr;RafaJM
neymarjr;Juju__Ferreira
neymarjr;Jennystos
neymarjr;Josiannie
neymarjr;clubroyal
neymarjr;alejomuniz
neymarjr;RLancelloti
neymarjr;_CrisBella
neymarjr;MiCrisfepeReal
neymarjr;NatCastroReal
neymarjr;ambrosioelieser
neymarjr;jms_100
neymarjr;marianafanton
neymarjr;Leia_a_Biblia
neymarjr;miccaelaa
neymarjr;misantosoficial
neymarjr;tripoli_bigode
neymarjr;MayraMaia
neymarjr;ojrjoga10
neymarjr;Kleber_Henr
neymarjr;angelicabaldini
neymarjr;Tera_Gargantini
neymarjr;sandroraniere
neymarjr;LucasLeiva87
neymarjr;GuiPitta_
neymarjr;reginacase
neymarjr;linianerocha
neymarjr;PattyFisio
neymarjr;SpiderAnderson
neymarjr;wachitao9
neymarjr;RenataBFan
neymarjr;NahlaiLewis
neymarjr;brunodeluca
neymarjr;nataliafedrizzi
neymarjr;FePaesLeme
neymarjr;kobarestart
neymarjr;thomasrestart
neymarjr;pelurestart
neymarjr;pelanza
neymarjr;Marcusbuaiz
neymarjr;PalomaTocci
neymarjr;gregorioqpf
neymarjr;Casemiro
neymarjr;Garamba
neymarjr;Ellen_Rocche
neymarjr;_JorgeHenrique
neymarjr;CaioCastro
neymarjr;naticasassola
neymarjr;TaniaOliveira
neymarjr;jucilei8
neymarjr;DavidBraz_Filho
neymarjr;calheirosnick
neymarjr;moapor
neymarjr;hganzarolli
neymarjr;_IsisValverde
neymarjr;brunamanzon
neymarjr;romarinho249
neymarjr;emilioeric
neymarjr;melsouttoo
neymarjr;raphaellacoelho
neymarjr;gabrielalopesg
neymarjr;R_Leiria
neymarjr;NaiiaraSanttana
neymarjr;__Ana__Cris__
neymarjr;tardelli9
neymarjr;TVFamaOficial
neymarjr;willianjose19
neymarjr;BelloFutevolei
neymarjr;victor_rios
neymarjr;Di_Mauricio_
neymarjr;Rafinhadiz
neymarjr;Paulinhadonati
neymarjr;feitosag
neymarjr;LiaKheyReal
neymarjr;Spot_fit
neymarjr;gabrielated
neymarjr;laisfeitosa
neymarjr;luziacoppi
neymarjr;brunouvini34
neymarjr;LG10OFFICIAL
neymarjr;ZeEduardo22
neymarjr;brunorezende1
neymarjr;Tavares_naat
neymarjr;showdavida
neymarjr;thaianyrs
neymarjr;MelanciaOficial
neymarjr;fesaldanha
neymarjr;LucasMoura7
neymarjr;moniquevansreal
neymarjr;Jonathanlds
neymarjr;eduardocosta
neymarjr;Lucia_Pel
neymarjr;bemesquitareal
neymarjr;sarah_lanza
neymarjr;arlindocruzbr
neymarjr;karlanovaes
neymarjr;LucieleCamargo
neymarjr;OficialRMoura
neymarjr;nayanasonda
neymarjr;arlindinhocruz
neymarjr;glendakozlowski
neymarjr;Rafa_Galhardoo
neymarjr;SiGaletti
neymarjr;_alexandrepires
neymarjr;CesarCielo
neymarjr;ciaaooo
neymarjr;rodrigonline
neymarjr;Revelacaoficial
neymarjr;adaorosatattoo
neymarjr;Franzinho92
neymarjr;OLeoSantana
neymarjr;LeoViga
neymarjr;EvandroAPOSSS
neymarjr;kauerivera
neymarjr;KATIAVOLKLAND
neymarjr;gusttavo_lima
neymarjr;FrandeSouzaa_
neymarjr;Denicavalcante
neymarjr;JuniCalafat
neymarjr;inovashow
neymarjr;PollyanaMorbach
neymarjr;APOSSSoficial
neymarjr;brunomendonca83
neymarjr;MLancelloti
neymarjr;elano_blumer
neymarjr;Billysamprazer
neymarjr;danisperle
neymarjr;VandinhoV9
neymarjr;carlosrigueiral
neymarjr;DAVIDBRAZIL24
neymarjr;patybiriba
neymarjr;Samara_Felippo
neymarjr;JOSYOLI
neymarjr;ederson10_fut
neymarjr;patriciapoetap
neymarjr;eloahuzeda
neymarjr;RoRoRodrigues
neymarjr;GisdeOliveira
neymarjr;rafavmello
neymarjr;RafinhaViscardi
neymarjr;paulo100pre
neymarjr;CamilaBraaga
neymarjr;pedroneschling
neymarjr;GabyMusa
neymarjr;MaSteinmaier
neymarjr;GiLancellotti
neymarjr;boozinhaa
neymarjr;dumaluf
neymarjr;fernandopirespc
neymarjr;leilahoficial
neymarjr;Flavinhabrmx
neymarjr;tatsoares
neymarjr;rosefonseca19
neymarjr;LaisTelles_
neymarjr;karinamichelin
neymarjr;juliaboiteux
neymarjr;raafafonso
neymarjr;DayyanMorandi
neymarjr;asbrahmeiras
neymarjr;cristianespina
neymarjr;vi__marizinha
neymarjr;Feco_Oliveira
neymarjr;Geovane92
neymarjr;twitcam
neymarjr;VictorGodoy11
neymarjr;edinhogranja
neymarjr;jacquepessoa
neymarjr;lucienepicasso
neymarjr;myria_musasfc
neymarjr;LuizinhoTierni
neymarjr;nuwance
neymarjr;gaaahribeiro
neymarjr;ands_carvalho
neymarjr;marcoluque
neymarjr;duymi
neymarjr;Crystian_92
neymarjr;luis_fabuloso
neymarjr;Luanapacchiele
neymarjr;Andre_Santos27
neymarjr;MaurineDorneles
neymarjr;renesoares_
neymarjr;Ze_Love
neymarjr;karlinhabalsano
neymarjr;LuizaSharion
neymarjr;pedrolopes91
neymarjr;Leehs2_
neymarjr;barriguiinha
neymarjr;thiagolobopiu
neymarjr;paulo5essencia
neymarjr;ticoelias1
neymarjr;raphaparedao
neymarjr;betinhotalentos
neymarjr;Renan_Paiva
neymarjr;TaciMacedo
neymarjr;tamy___
neymarjr;JoaoPedr07
neymarjr;cosmeoficial
neymarjr;mulequedavi
neymarjr;F_Andersoon
neymarjr;Robertsplayer
neymarjr;Marianabgouvea
neymarjr;Dodopires92
neymarjr;thiiago_lopes
neymarjr;Li_moura
neymarjr;Breitner80
neymarjr;leomoura2
neymarjr;cricabrasil
neymarjr;maahlozano
neymarjr;claudiabertini
neymarjr;MarianaMelllo
neymarjr;cafegeros
neymarjr;babidetter
neymarjr;priscilapiress
neymarjr;TayVergara
neymarjr;caiomorone
neymarjr;NovaIgrejaMusic
neymarjr;Maario_Luiz
neymarjr;kamilemos
neymarjr;AleCatCat
neymarjr;F_estrela
neymarjr;xandedepilares
neymarjr;1brto_santos
neymarjr;GabiPasqualin
neymarjr;Duda_Musa
neymarjr;CesinhaProdutor
neymarjr;renanmoura10
neymarjr;_anandinha
neymarjr;CarolinaGates
neymarjr;jota_pedroso
neymarjr;Mattheus7
neymarjr;levarandas
neymarjr;danpizzo
neymarjr;lito_nuwance
neymarjr;camilastach
neymarjr;lapena
neymarjr;manomenezes
neymarjr;Rhauzinho
neymarjr;conefumacanoar
neymarjr;natachavaz
neymarjr;matydefederico
neymarjr;Thayziitah
neymarjr;juquelotti
neymarjr;isagodinho
neymarjr;PatyTalocchi
neymarjr;jessicaruffo
neymarjr;humbertopaiva_
neymarjr;wagneribeiro_
neymarjr;barbarassantos
neymarjr;LukinhasCrispim
neymarjr;julianasahade
neymarjr;linestarnini
neymarjr;ivanfera
neymarjr;jadeseba
neymarjr;Feee_batista
neymarjr;daaniloluiz
neymarjr;SigaRodriguinho
neymarjr;andremarinho_
neymarjr;kahverhnjak
neymarjr;camiiisvelasco
neymarjr;renatinhag_
neymarjr;AleeCordeiro
neymarjr;vjassis
neymarjr;dentinho
neymarjr;Nicole_rt
neymarjr;JotaC92
neymarjr;natigc
neymarjr;dani_souza_
neymarjr;patpilar
neymarjr;jugracie
neymarjr;jubabyyy
neymarjr;Yanioficiall
neymarjr;GilCebola
neymarjr;JosyQueirozz
neymarjr;Adalberto78
neymarjr;BruAiiso
neymarjr;larydeoliveira
neymarjr;GeorgiaaTavares
neymarjr;danielaxavierr
neymarjr;TiagoLeifert
neymarjr;RomarioOnze
neymarjr;Dbolina
neymarjr;pinhaexalta
neymarjr;lizibenites_
neymarjr;dodopixote
neymarjr;10Ronaldinho
neymarjr;sheronmenezzes
neymarjr;fun140
neymarjr;SabrinaSatoReal
neymarjr;carlinhoshumor
neymarjr;TrioTOPPF
neymarjr;Babicrirossi
neymarjr;JujuSalimeni
neymarjr;LucianoHuck
neymarjr;LucianaGimenez
neymarjr;denilsonshow
neymarjr;GeorgiaMaselli
neymarjr;BrunoAgnello
neymarjr;Rafaella_
neymarjr;nataliaabarros
neymarjr;karooolmachado
neymarjr;maikonleite17
neymarjr;alelabate
neymarjr;CarolCastroReal
neymarjr;Dcarvalho19
neymarjr;joannadeassis
neymarjr;guustavo92
neymarjr;nanabitencourt
neymarjr;lauraribeiro30
neymarjr;thiaguinhocomth
neymarjr;FARIAPERICLES
neymarjr;KAKA
neymarjr;Betao03
