teammessi;khiryshelton14
teammessi;a_alex59
teammessi;BogaJeremie
teammessi;Rony10Lopes
teammessi;gyasinho
teammessi;benti96
teammessi;aaron_ditzel
teammessi;MESSImejorDTLT
teammessi;PauloSantos777
teammessi;charlyiacono
teammessi;Melandryu
teammessi;goerkemg
teammessi;6Deathman
teammessi;marcvanaya
teammessi;BrunoRodriguz10
teammessi;iretwit88
teammessi;Escolanmarca
teammessi;bmr_23
teammessi;Luispg10
teammessi;miguenito86
teammessi;manuelggp10
teammessi;SkillTwins
teammessi;lucasrivasdg
teammessi;IAmIzaaz
teammessi;cjh210683
teammessi;KVas1018
teammessi;D10SEdition
teammessi;TheophilusJr1
teammessi;LinaMessi10
teammessi;hamood_outlow
teammessi;MatiasGalarza11
teammessi;messi10stats
teammessi;SkyFootball
teammessi;Football__Tweet
teammessi;fundacionmessi
teammessi;LuisSuarez9
teammessi;GuillemBalague
teammessi;Squawka
teammessi;Rafinha
teammessi;HernanBaigoria
teammessi;AlenHalilovic
teammessi;samsungsport
teammessi;fifaworldcup_es
teammessi;FIFAWorldCup
teammessi;Argentina
teammessi;mundoleodxtv
teammessi;SoccerBible
teammessi;adidasbrasil
teammessi;adidasfussball
teammessi;brazuca
teammessi;adidassoccer
teammessi;_Pedro17_
teammessi;diarioas
teammessi;marca
teammessi;sport
teammessi;mundodeportivo
teammessi;PochoLavezzi
teammessi;LigaBBVA
teammessi;UEFAEURO
teammessi;ChampionsLeague
teammessi;UEFAcom
teammessi;EuropaLeague
teammessi;adidasFR
teammessi;adidasUK
teammessi;adidas_ES
teammessi;adidasUS
teammessi;adidasoriginals
teammessi;_MatiasMessi
teammessi;MariaSolMessi
teammessi;adidas
teammessi;VamosArgentina
teammessi;adidas_miCoach
teammessi;FCBarcelona
teammessi;LaLiga
teammessi;adidaslatam
teammessi;adidasAR
teammessi;MessiQuote
teammessi;DiarioOle
teammessi;FIFAcom
teammessi;Emenderk
teammessi;LeoMessifanclub
teammessi;AbbyWambach
teammessi;adidasfootball
teammessi;KAKA
teammessi;13_Pinto
teammessi;barcastuff
teammessi;MessiStats
teammessi;soccerdotcom
teammessi;1victorvaldes
teammessi;MarcBartra
teammessi;Mascherano
teammessi;CuencaIsaac
teammessi;3gerardpique
teammessi;DaniAlvesD2
teammessi;ctello91
teammessi;Carles5puyol
teammessi;cesc4official
